gamma,1st_error_N_4,1st_error_N_6,1st_error_N_8
0.0,0.133333333333333,0.133333333333333,0.133333333333333
0.0015915494309189536,0.13333316045241,0.133333250989781,0.133333286386278
0.003183098861837907,0.133332641810395,0.133333003959282,0.133333145545163
0.00477464829275686,0.133331777409547,0.133332592242304,0.133332910810138
0.006366197723675814,0.133330567253636,0.13333201583963,0.133332582181454
0.007957747154594767,0.133329011347936,0.133331274752356,0.133332159659461
0.00954929658551372,0.133327109699229,0.13333036898189,0.13333164324461
0.011140846016432676,0.133324862315805,0.133329298529953,0.133331032937452
0.012732395447351628,0.13332226920746,0.133328063398579,0.133330328738639
0.01432394487827058,0.133319330385496,0.133326663590117,0.133329530648921
0.015915494309189534,0.133316045862726,0.133325099107226,0.13332863866915
0.01750704374010849,0.133312415653465,0.133323369952879,0.133327652800279
0.01909859317102744,0.133308439773538,0.133321476130362,0.133326573043358
0.020690142601946394,0.133304118240276,0.133319417643274,0.13332539939954
0.02228169203286535,0.133299451072517,0.133317194495528,0.133324131870077
0.0238732414637843,0.133294438290604,0.133314806691348,0.133322770456322
0.025464790894703257,0.13328907991639,0.133312254235271,0.133321315159726
0.02705634032562221,0.133283375973232,0.13330953713215,0.133319765981844
0.02864788975654116,0.133277326485994,0.133306655387146,0.133318122924328
0.030239439187460117,0.133270931481046,0.133303609005737,0.13331638598893
0.03183098861837907,0.133264190986265,0.133300397993712,0.133314555177505
0.03342253804929802,0.133257105031034,0.133297022357173,0.133312630492005
0.03501408748021698,0.133249673646242,0.133293482102535,0.133310611934484
0.03660563691113593,0.133241896864284,0.133289777236527,0.133308499507097
0.03819718634205488,0.13323377471906,0.133285907766188,0.133306293212096
0.039788735772973836,0.133225307245978,0.133281873698872,0.133303993051835
0.04138028520389279,0.133216494481948,0.133277675042245,0.13330159902877
0.042971834634811745,0.13320733646539,0.133273311804287,0.133299111145454
0.0445633840657307,0.133197833236224,0.13326878399329,0.133296529404542
0.04615493349664965,0.13318798483588,0.133264091617857,0.133293853808789
0.0477464829275686,0.133177791307289,0.133259234686907,0.133291084361049
0.049338032358487556,0.133167252694891,0.133254213209668,0.133288221064276
0.050929581789406514,0.133156369044628,0.133249027195685,0.133285263921527
0.052521131220325465,0.133145140403946,0.133243676654812,0.133282212935956
0.05411268065124442,0.133133566821797,0.133238161597217,0.133279068110819
0.055704230082163374,0.133121648348637,0.133232482033381,0.13327582944947
0.05729577951308232,0.133109385036424,0.133226637974097,0.133272496955366
0.058887328944001276,0.133096776938623,0.13322062943047,0.133269070632062
0.060478878374920234,0.133083824110201,0.133214456413921,0.133265550483213
0.062070427805839185,0.133070526607627,0.133208118936178,0.133261936512576
0.06366197723675814,0.133056884488875,0.133201617009287,0.133258228724006
0.0652535266676771,0.133042897813423,0.133194950645602,0.13325442712146
0.06684507609859604,0.133028566642248,0.133188119857792,0.133250531708994
0.068436625529515,0.133013891037834,0.133181124658838,0.133246542490763
0.07002817496043395,0.132998871064164,0.133173965062033,0.133242459471024
0.0716197243913529,0.132983506786724,0.133166641080984,0.133238282654134
0.07321127382227186,0.132967798272503,0.133159152729607,0.133234012044549
0.07480282325319082,0.132951745589991,0.133151500022134,0.133229647646824
0.07639437268410976,0.132935348809179,0.133143682973107,0.133225189465618
0.07798592211502872,0.132918608001558,0.133135701597381,0.133220637505685
0.07957747154594767,0.132901523240122,0.133127555910123,0.133215991771884
0.08116902097686662,0.132884094599365,0.133119245926813,0.13321125226917
0.08276057040778557,0.132866322155281,0.133110771663243,0.133206419002601
0.08435211983870454,0.132848205985364,0.133102133135515,0.133201491977333
0.08594366926962349,0.132829746168607,0.133093330360047,0.133196471198623
0.08753521870054244,0.132810942785504,0.133084363353566,0.133191356671827
0.0891267681314614,0.132791795918048,0.133075232133111,0.133186148402403
0.09071831756238036,0.132772305649728,0.133065936716036,0.133180846395908
0.0923098669932993,0.132752472065537,0.133056477120004,0.133175450657997
0.09390141642421825,0.132732295251961,0.133046853362992,0.133169961194428
0.0954929658551372,0.132711775296988,0.133037065463287,0.133164378011058
0.09708451528605616,0.1326909122901,0.133027113439489,0.133158701113843
0.09867606471697511,0.132669706322278,0.133016997310509,0.13315293050884
0.10026761414789406,0.132648157486002,0.133006717095572,0.133147066202206
0.10185916357881303,0.132626265875246,0.132996272814212,0.133141108200198
0.10345071300973198,0.13260403158548,0.132985664486276,0.133135056509172
0.10504226244065093,0.132581454713672,0.132974892131924,0.133128911135584
0.10663381187156988,0.132558535358285,0.132963955771625,0.133122672085992
0.10822536130248885,0.132535273619277,0.132952855426161,0.133116339367051
0.1098169107334078,0.132511669598099,0.132941591116625,0.133109912985518
0.11140846016432675,0.1324877233977,0.132930162864424,0.133103392948249
0.11300000959524568,0.132463435122522,0.132918570691272,0.1330967792622
0.11459155902616464,0.132438804878499,0.132906814619199,0.133090071934428
0.1161831084570836,0.132413832773061,0.132894894670543,0.133083270972088
0.11777465788800255,0.132388518915129,0.132882810867955,0.133076376382436
0.1193662073189215,0.132362863415117,0.132870563234397,0.133069388172828
0.12095775674984047,0.132336866384932,0.132858151793142,0.133062306350719
0.12254930618075942,0.132310527937973,0.132845576567775,0.133055130923664
0.12414085561167837,0.132283848189129,0.132832837582191,0.13304786189932
0.12573240504259733,0.132256827254782,0.132819934860597,0.133040499285441
0.12732395447351627,0.132229465252803,0.13280686842751,0.133033043089881
0.12891550390443524,0.132201762302553,0.13279363830776,0.133025493320596
0.1305070533353542,0.132173718524884,0.132780244526486,0.133017849985641
0.13209860276627314,0.132145334042136,0.132766687109139,0.133010113093169
0.13369015219719207,0.13211660897814,0.13275296608148,0.133002282651434
0.13528170162811104,0.132087543458212,0.132739081469582,0.132994358668791
0.13687325105903,0.13205813760916,0.132725033299827,0.132986341153694
0.13846480048994894,0.132028391559276,0.13271082159891,0.132978230114695
0.1400563499208679,0.13199830543834,0.132696446393835,0.132970025560448
0.14164789935178684,0.131967879377621,0.132681907711917,0.132961727499705
0.1432394487827058,0.13193711350987,0.132667205580782,0.13295333594132
0.14483099821362477,0.131906007969328,0.132652340028365,0.132944850894245
0.1464225476445437,0.131874562891717,0.132637311082914,0.132936272367531
0.14801409707546268,0.131842778414247,0.132622118772985,0.132927600370332
0.14960564650638164,0.13181065467561,0.132606763127445,0.132918834911897
0.15119719593730058,0.131778191815984,0.132591244175472,0.132909976001579
0.15278874536821951,0.131745389977027,0.132575561946554,0.132901023648827
0.15438029479913848,0.131712249301882,0.132559716470489,0.132891977863194
0.15597184423005744,0.131678769935174,0.132543707777383,0.132882838654327
0.15756339366097638,0.131644952023009,0.132527535897657,0.132873606031979
0.15915494309189535,0.131610795712974,0.132511200862036,0.132864280005997
0.1607464925228143,0.131576301154138,0.13249470270156,0.132854860586331
0.16233804195373325,0.131541468497048,0.132478041447575,0.132845347783029
0.1639295913846522,0.131506297893732,0.13246121713174,0.132835741606239
0.16552114081557115,0.131470789497696,0.132444229786021,0.13282604206621
0.16711269024649011,0.131434943463927,0.132427079442696,0.132816249173289
0.16870423967740908,0.131398759948886,0.13240976613435,0.132806362937921
0.17029578910832802,0.131362239110514,0.13239228989388,0.132796383370655
0.17188733853924698,0.131325381108229,0.13237465075449,0.132786310482135
0.17347888797016595,0.131288186102923,0.132356848749697,0.132776144283107
0.17507043740108488,0.131250654256965,0.132338883913323,0.132765884784417
0.17666198683200385,0.131212785734201,0.132320756279502,0.132755531997007
0.1782535362629228,0.131174580699947,0.132302465882677,0.132745085931923
0.17984508569384175,0.131136039320997,0.1322840127576,0.132734546600308
0.18143663512476071,0.131097161765616,0.13226539693933,0.132723914013404
0.18302818455567965,0.131057948203543,0.132246618463239,0.132713188182554
0.1846197339865986,0.131018398805989,0.132227677365003,0.1327023691192
0.18621128341751753,0.130978513745636,0.132208573680612,0.132691456834882
0.1878028328484365,0.130938293196636,0.13218930744636,0.132680451341241
0.18939438227935546,0.130897737334614,0.132169878698853,0.132669352650016
0.1909859317102744,0.130856846336662,0.132150287475005,0.132658160773048
0.19257748114119336,0.130815620381343,0.132130533812037,0.132646875722274
0.19416903057211232,0.130774059648686,0.13211061774748,0.132635497509733
0.19576058000303126,0.130732164320191,0.132090539319172,0.132624026147562
0.19735212943395022,0.130689934578823,0.132070298565262,0.132612461647997
0.1989436788648692,0.130647370609013,0.132049895524204,0.132600804023374
0.20053522829578813,0.13060447259666,0.132029330234762,0.132589053286129
0.2021267777267071,0.130561240729127,0.132008602736008,0.132577209448796
0.20371832715762606,0.130517675195241,0.131987713067321,0.132565272524008
0.205309876588545,0.130473776185293,0.13196666126839,0.132553242524498
0.20690142601946396,0.130429543891039,0.131945447379209,0.132541119463099
0.2084929754503829,0.130384978505696,0.131924071440083,0.132528903352742
0.21008452488130186,0.130340080223943,0.131902533491621,0.132516594206457
0.21167607431222082,0.13029484924192,0.131880833574743,0.132504192037374
0.21326762374313976,0.130249285757229,0.131858971730674,0.132491696858723
0.21485917317405873,0.130203389968929,0.131836948000949,0.13247910868383
0.2164507226049777,0.13015716207754,0.131814762427408,0.132466427526124
0.21804227203589663,0.130110602285042,0.1317924150522,0.13245365339913
0.2196338214668156,0.13006371079487,0.131769905917779,0.132440786316475
0.22122537089773456,0.130016487811916,0.131747235066908,0.132427826291882
0.2228169203286535,0.12996893354253,0.131724402542658,0.132414773339175
0.22440846975957243,0.129921048194517,0.131701408388403,0.132401627472276
0.22600001919049137,0.129872831977137,0.131678252647829,0.132388388705208
0.22759156862141033,0.129824285101103,0.131654935364923,0.132375057052091
0.22918311805232927,0.129775407778584,0.131631456583985,0.132361632527144
0.23077466748324824,0.129726200223197,0.131607816349616,0.132348115144687
0.2323662169141672,0.129676662650017,0.131584014706727,0.132334504919137
0.23395776634508614,0.129626795275565,0.131560051700534,0.13232080186501
0.2355493157760051,0.129576598317815,0.13153592737656,0.132307005996922
0.23714086520692407,0.129526071996191,0.131511641780633,0.132293117329588
0.238732414637843,0.129475216531564,0.131487194958888,0.132279135877821
0.24032396406876197,0.129424032146255,0.131462586957767,0.132265061656533
0.24191551349968093,0.129372519064031,0.131437817824016,0.132250894680736
0.24350706293059987,0.129320677510108,0.131412887604688,0.132236634965539
0.24509861236151884,0.129268507711144,0.131387796347142,0.13222228252615
0.2466901617924378,0.129216009895245,0.131362544099042,0.132207837377879
0.24828171122335674,0.129163184291962,0.131337130908357,0.13219329953613
0.2498732606542757,0.129110031132286,0.131311556823364,0.13217866901641
0.25146481008519467,0.129056550648654,0.131285821892643,0.132163945834323
0.2530563595161136,0.129002743074944,0.131259926165079,0.13214913000557
0.25464790894703254,0.128948608646474,0.131233869689864,0.132134221545954
0.25623945837795153,0.128894147600003,0.131207652516494,0.132119220471374
0.25783100780887047,0.128839360173731,0.131181274694771,0.13210412679783
0.2594225572397894,0.128784246607294,0.1311547362748,0.132088940541418
0.2610141066707084,0.128728807141768,0.131128037306993,0.132073661718336
0.26260565610162734,0.128673042019665,0.131101177842065,0.132058290344878
0.2641972055325463,0.128616951484934,0.131074157931037,0.132042826437437
0.2657887549634652,0.128560535782959,0.131046977625232,0.132027270012506
0.26738030439438415,0.128503795160558,0.131019636976281,0.132011621086674
0.26897185382530314,0.128446729865983,0.130992136036116,0.131995879676632
0.2705634032562221,0.128389340148921,0.130964474856976,0.131980045799166
0.272154952687141,0.128331626260487,0.130936653491401,0.131964119471163
0.27374650211806,0.128273588453231,0.130908671992237,0.131948100709607
0.27533805154897895,0.128215226981131,0.130880530412635,0.131931989531583
0.2769296009798979,0.128156542099596,0.130852228806046,0.131915785954271
0.2785211504108169,0.128097534065463,0.130823767226229,0.131899489994951
0.2801126998417358,0.128038203136996,0.130795145727242,0.131883101671002
0.28170424927265475,0.127978549573886,0.130766364363452,0.131866620999901
0.2832957987035737,0.127918573637253,0.130737423189523,0.131850047999223
0.2848873481344927,0.127858275589637,0.130708322260428,0.131833382686642
0.2864788975654116,0.127797655695007,0.130679061631439,0.131816625079929
0.28807044699633055,0.127736714218754,0.130649641358134,0.131799775196956
0.28966199642724955,0.127675451427689,0.130620061496391,0.131782833055689
0.2912535458581685,0.127613867590048,0.130590322102392,0.131765798674197
0.2928450952890874,0.127551962975485,0.130560423232623,0.131748672070645
0.2944366447200064,0.127489737855077,0.130530364943872,0.131731453263295
0.29602819415092535,0.127427192501317,0.130500147293227,0.131714142270509
0.2976197435818443,0.127364327188117,0.130469770338081,0.131696739110748
0.2992112930127633,0.127301142190806,0.130439234136129,0.131679243802568
0.3008028424436822,0.127237637786131,0.130408538745367,0.131661656364626
0.30239439187460115,0.12717381425225,0.130377684224094,0.131643976815676
0.30398594130552015,0.127109671868741,0.13034667063091,0.13162620517457
0.30557749073643903,0.12704521091659,0.130315498024718,0.131608341460259
0.307169040167358,0.126980431678199,0.13028416646472,0.13159038569179
0.30876058959827696,0.12691533443738,0.130252676010422,0.131572337888311
0.3103521390291959,0.126849919479358,0.130221026721632,0.131554198069066
0.3119436884601149,0.126784187090763,0.130189218658456,0.131535966253398
0.3135352378910338,0.126718137559639,0.130157251881305,0.131517642460745
0.31512678732195276,0.126651771175435,0.130125126450887,0.131499226710648
0.31671833675287175,0.126585088229007,0.130092842428216,0.131480719022743
0.3183098861837907,0.126518089012616,0.130060399874601,0.131462119416762
0.3199014356147097,0.126450773819932,0.130027798851656,0.131443427912539
0.3214929850456286,0.126383142946024,0.129995039421295,0.131424644530004
0.32308453447654756,0.126315196687367,0.129962121645729,0.131405769289183
0.3246760839074665,0.126246935341838,0.129929045587475,0.131386802210204
0.32626763333838543,0.126178359208713,0.129895811309344,0.131367743313288
0.3278591827693044,0.126109468588672,0.129862418874453,0.131348592618757
0.3294507322002233,0.126040263783789,0.129828868346213,0.13132935014703
0.3310422816311423,0.125970745097542,0.129795159788341,0.131310015918624
0.33263383106206124,0.125900912834801,0.129761293264848,0.131290589954152
0.33422538049298023,0.125830767301835,0.129727268840048,0.131271072274327
0.33581692992389917,0.125760308806309,0.129693086578554,0.131251462899958
0.33740847935481816,0.125689537657279,0.129658746545277,0.131231761851951
0.33900002878573704,0.125618454165198,0.129624248805428,0.131211969151313
0.34059157821665603,0.125547058641909,0.129589593424518,0.131192084819145
0.34218312764757497,0.125475351400646,0.129554780468355,0.131172108876647
0.34377467707849396,0.125403332756036,0.129519810003047,0.131152041345117
0.3453662265094129,0.125331003024092,0.129484682095,0.131131882245948
0.3469577759403319,0.125258362522217,0.129449396810919,0.131111631600634
0.3485493253712508,0.125185411569201,0.129413954217808,0.131091289430765
0.35014087480216977,0.125112150485221,0.129378354382967,0.131070855758027
0.3517324242330887,0.125038579591837,0.129342597373997,0.131050330604205
0.3533239736640077,0.124964699211995,0.129306683258795,0.131029713991181
0.35491552309492663,0.124890509670025,0.129270612105557,0.131009005940935
0.3565070725258456,0.124816011291638,0.129234383982775,0.130988206475542
0.3580986219567645,0.124741204403925,0.12919799895924,0.130967315617177
0.3596901713876835,0.124666089335359,0.129161457104041,0.130946333388112
0.36128172081860244,0.124590666415791,0.129124758486563,0.130925259810713
0.36287327024952143,0.124514935976452,0.129087903176488,0.130904094907448
0.36446481968044037,0.124438898349947,0.129050891243797,0.130882838700878
0.3660563691113593,0.124362553870259,0.129013722758766,0.130861491213665
0.36764791854227824,0.124285902872746,0.128976397791967,0.130840052468564
0.3692394679731972,0.124208945694139,0.128938916414272,0.13081852248843
0.37083101740411617,0.124131682672542,0.128901278696846,0.130796901296214
0.37242256683503505,0.124054114147432,0.128863484711152,0.130775188914965
0.37401411626595404,0.123976240459656,0.128825534528949,0.130753385367828
0.375605665696873,0.123898061951429,0.128787428222292,0.130731490678045
0.377197215127792,0.123819578966338,0.128749165863531,0.130709504868956
0.3787887645587109,0.123740791849336,0.128710747525314,0.130687427963997
0.3803803139896299,0.123661700946741,0.128672173280582,0.130665259986702
0.3819718634205488,0.123582306606239,0.128633443202574,0.130643000960699
0.3835634128514678,0.12350260917688,0.128594557364822,0.130620650909717
0.3851549622823867,0.123422609009076,0.128555515841154,0.130598209857579
0.3867465117133057,0.123342306454602,0.128516318705693,0.130575677828205
0.38833806114422464,0.123261701866594,0.128476966032858,0.130553054845614
0.38992961057514364,0.12318079559955,0.128437457897362,0.130530340933918
0.3915211600060625,0.123099588009324,0.128397794374212,0.13050753611733
0.3931127094369815,0.123018079453131,0.128357975538709,0.130484640420156
0.39470425886790045,0.122936270289541,0.128318001466451,0.130461653866801
0.39629580829881944,0.122854160878481,0.128277872233326,0.130438576481765
0.3978873577297384,0.122771751581232,0.12823758791552,0.130415408289647
0.39947890716065737,0.122689042760428,0.128197148589511,0.13039214931514
0.40107045659157625,0.122606034780058,0.128156554332071,0.130368799583035
0.40266200602249524,0.122522728005461,0.128115805220264,0.130345359118218
0.4042535554534142,0.122439122803326,0.12807490133145,0.130321827945674
0.4058451048843332,0.122355219541693,0.128033842743281,0.130298206090483
0.4074366543152521,0.122271018589948,0.127992629533702,0.130274493577821
0.409028203746171,0.122186520318827,0.127951261780951,0.130250690432961
0.41061975317709,0.12210172510041,0.127909739563558,0.130226796681272
0.4122113026080089,0.122016633308123,0.127868062960347,0.130202812348221
0.4138028520389279,0.121931245316736,0.127826232050434,0.130178737459369
0.4153944014698468,0.12184556150236,0.127784246913227,0.130154572040374
0.4169859509007658,0.12175958224245,0.127742107628427,0.130130316116991
0.4185775003316847,0.121673307915802,0.127699814276025,0.13010596971507
0.4201690497626037,0.121586738902549,0.127657366936307,0.130081532860559
0.42176059919352266,0.121499875584164,0.127614765689847,0.130057005579502
0.42335214862444165,0.121412718343457,0.127572010617513,0.130032387898036
0.42494369805536053,0.121325267564576,0.127529101800464,0.130007679842397
0.4265352474862795,0.121237523633,0.12748603932015,0.129982881438918
0.42812679691719846,0.121149486935547,0.127442823258311,0.129957992714025
0.42971834634811745,0.121061157860365,0.12739945369698,0.129933013694242
0.4313098957790364,0.120972536796934,0.127355930718479,0.129907944406188
0.4329014452099554,0.120883624136065,0.127312254405422,0.12988278487658
0.43449299464087426,0.120794420269898,0.12726842484071,0.129857535132227
0.43608454407179326,0.120704925591904,0.12722444210754,0.129832195200039
0.4376760935027122,0.120615140496879,0.127180306289393,0.129806765107017
0.4392676429336312,0.120525065380946,0.127136017470044,0.129781244880261
0.4408591923645501,0.120434700641553,0.127091575733557,0.129755634546965
0.4424507417954691,0.120344046677472,0.127046981164284,0.129729934134421
0.444042291226388,0.120253103888799,0.127002233846867,0.129704143670014
0.445633840657307,0.12016187267695,0.126957333866238,0.129678263181227
0.4472253900882259,0.120070353444664,0.126912281307618,0.129652292695636
0.44881693951914486,0.119978546595997,0.126867076256517,0.129626232240916
0.45040848895006386,0.119886452536327,0.126821718798732,0.129600081844835
0.45200003838098274,0.119794071672346,0.126776209020351,0.129573841535257
0.45359158781190173,0.119701404412064,0.126730547007749,0.129547511340144
0.45518313724282067,0.119608451164807,0.12668473284759,0.129521091287549
0.45677468667373966,0.119515212341212,0.126638766626824,0.129494581405625
0.45836623610465854,0.119421688353233,0.126592648432691,0.129467981722618
0.45995778553557753,0.119327879614133,0.126546378352719,0.129441292266869
0.46154933496649647,0.119233786538487,0.126499956474722,0.129414513066816
0.46314088439741546,0.11913940954218,0.126453382886803,0.129387644150991
0.4647324338283344,0.119044749042403,0.126406657677349,0.129360685548023
0.4663239832592534,0.118949805457658,0.126359780935039,0.129333637286634
0.4679155326901723,0.11885457920775,0.126312752748834,0.129306499395643
0.46950708212109127,0.118759070713793,0.126265573207985,0.129279271903963
0.4710986315520102,0.118663280398201,0.126218242402027,0.129251954840604
0.4726901809829292,0.118567208684695,0.126170760420784,0.129224548234669
0.47428173041384813,0.118470855998294,0.126123127354364,0.129197052115357
0.4758732798447671,0.11837422276532,0.126075343293162,0.129169466511963
0.477464829275686,0.118277309413395,0.126027408327858,0.129141791453876
0.479056378706605,0.118180116371439,0.125979322549418,0.12911402697058
0.48064792813752394,0.118082644069668,0.125931086049094,0.129086173091653
0.48223947756844293,0.117984892939597,0.125882698918423,0.129058229846771
0.48383102699936187,0.117886863414035,0.125834161249227,0.129030197265702
0.48542257643028086,0.117788555927085,0.125785473133611,0.12900207537831
0.48701412586119974,0.117689970914143,0.125736634663969,0.128973864214554
0.48860567529211874,0.117591108811898,0.125687645932975,0.128945563804487
0.4901972247230377,0.117491970058328,0.12563850703359,0.128917174178257
0.4917887741539566,0.117392555092703,0.125589218059059,0.128888695366109
0.4933803235848756,0.11729286435558,0.12553977910291,0.128860127398379
0.4949718730157945,0.117192898288804,0.125490190258956,0.128831470305499
0.4965634224467135,0.117092657335507,0.125440451621291,0.128802724117997
0.4981549718776324,0.116992141940106,0.125390563284297,0.128773888866495
0.4997465213085514,0.116891352548302,0.125340525342635,0.128744964581708
0.5013380707394703,0.116790289607081,0.12529033789125,0.128715951294447
0.5029296201703893,0.116688953564709,0.125240001025372,0.128686849035617
0.5045211696013082,0.116587344870734,0.125189514840512,0.128657657836218
0.5061127190322272,0.116485463975984,0.125138879432464,0.128628377727345
0.5077042684631461,0.116383311332565,0.125088094897303,0.128599008740184
0.5092958178940651,0.116280887393862,0.125037161331388,0.128569550906019
0.5108873673249841,0.116178192614538,0.124986078831358,0.128540004256228
0.5124789167559031,0.116075227450528,0.124934847494137,0.128510368822281
0.514070466186822,0.115971992359044,0.124883467416927,0.128480644635743
0.5156620156177409,0.115868487798573,0.124831938697213,0.128450831728275
0.5172535650486598,0.115764714228871,0.124780261432762,0.128420930131631
0.5188451144795788,0.115660672110968,0.124728435721619,0.128390939877658
0.5204366639104978,0.115556361907163,0.124676461662114,0.128360860998298
0.5220282133414168,0.115451784081026,0.124624339352854,0.128330693525588
0.5236197627723357,0.115346939097393,0.124572068892728,0.128300437491658
0.5252113122032547,0.115241827422369,0.124519650380906,0.128270092928731
0.5268028616341736,0.115136449523324,0.124467083916837,0.128239659869126
0.5283944110650926,0.115030805868894,0.124414369600248,0.128209138345255
0.5299859604960115,0.114924896928978,0.12436150753115,0.128178528389623
0.5315775099269304,0.114818723174741,0.12430849780983,0.12814783003483
0.5331690593578494,0.114712285078605,0.124255340536856,0.12811704331357
0.5347606087887683,0.114605583114257,0.124202035813073,0.128086168258629
0.5363521582196873,0.114498617756642,0.124148583739607,0.128055204902889
0.5379437076506063,0.114391389481965,0.124094984417862,0.128024153279324
0.5395352570815253,0.114283898767689,0.124041237949521,0.127993013421001
0.5411268065124442,0.114176146092533,0.123987344436543,0.127961785361083
0.5427183559433632,0.114068131936471,0.123933303981167,0.127930469132826
0.544309905374282,0.113959856780734,0.123879116685911,0.127899064769577
0.545901454805201,0.113851321107806,0.123824782653568,0.127867572304778
0.54749300423612,0.113742525401424,0.12377030198721,0.127835991771967
0.549084553667039,0.113633470146575,0.123715674790185,0.127804323204771
0.5506761030979579,0.1135241558295,0.123660901166121,0.127772566636914
0.5522676525288769,0.113414582937687,0.12360598121892,0.12774072210221
0.5538592019597958,0.113304751959875,0.123550915052761,0.12770878963457
0.5554507513907148,0.113194663386049,0.123495702772101,0.127676769267995
0.5570423008216338,0.113084317707443,0.123440344481671,0.12764466103658
0.5586338502525526,0.112973715416536,0.123384840286481,0.127612464974515
0.5602253996834716,0.112862857007051,0.123329190291814,0.127580181116081
0.5618169491143906,0.112751742973956,0.123273394603231,0.127547809495653
0.5634084985453095,0.112640373813461,0.123217453326566,0.127515350147699
0.5650000479762285,0.112528750023021,0.12316136656793,0.12748280310678
0.5665915974071474,0.112416872101329,0.123105134433709,0.12745016840755
0.5681831468380664,0.11230474054832,0.123048757030563,0.127417446084754
0.5697746962689854,0.112192355865167,0.122992234465427,0.127384636173234
0.5713662456999042,0.112079718554283,0.122935566845511,0.127351738707922
0.5729577951308232,0.111966829119316,0.122878754278298,0.127318753723842
0.5745493445617421,0.111853688065153,0.122821796871546,0.127285681256114
0.5761408939926611,0.111740295897915,0.122764694733286,0.127252521339947
0.5777324434235801,0.111626653124959,0.122707447971824,0.127219274010645
0.5793239928544991,0.111512760254875,0.122650056695738,0.127185939303604
0.580915542285418,0.111398617797486,0.122592521013879,0.127152517254314
0.582507091716337,0.111284226263846,0.122534841035372,0.127119007898354
0.5840986411472558,0.111169586166242,0.122477016869615,0.1270854112714
0.5856901905781748,0.111054698018191,0.122419048626276,0.127051727409216
0.5872817400090938,0.110939562334437,0.122360936415298,0.127017956347663
0.5888732894400128,0.110824179630956,0.122302680346896,0.12698409812269
0.5904648388709317,0.110708550424949,0.122244280531555,0.126950152770341
0.5920563883018507,0.110592675234846,0.122185737080033,0.126916120326753
0.5936479377327696,0.1104765545803,0.12212705010336,0.126882000828152
0.5952394871636886,0.110360188982192,0.122068219712835,0.126847794310859
0.5968310365946076,0.110243578962626,0.122009246020031,0.126813500811287
0.5984225860255266,0.110126725044929,0.121950129136789,0.126779120365939
0.6000141354564454,0.110009627753653,0.121890869175223,0.126744653011414
0.6016056848873644,0.10989228761457,0.121831466247716,0.126710098784398
0.6031972343182833,0.109774705154673,0.121771920466921,0.126675457721673
0.6047887837492023,0.109656880902175,0.121712231945762,0.126640729860112
0.6063803331801213,0.109538815386511,0.121652400797433,0.126605915236678
0.6079718826110403,0.109420509138331,0.121592427135395,0.126571013888429
0.6095634320419592,0.109301962689507,0.121532311073381,0.126536025852513
0.6111549814728781,0.109183176573125,0.121472052725391,0.126500951166169
0.612746530903797,0.109064151323489,0.121411652205697,0.12646578986673
0.614338080334716,0.108944887476119,0.121351109628836,0.126430541991619
0.615929629765635,0.108825385567749,0.121290425109615,0.126395207578352
0.6175211791965539,0.108705646136328,0.12122959876311,0.126359786664534
0.6191127286274729,0.108585669721019,0.121168630704664,0.126324279287865
0.6207042780583918,0.108465456862197,0.121107521049888,0.126288685486134
0.6222958274893108,0.108345008101449,0.121046269914659,0.126253005297223
0.6238873769202298,0.108224323981576,0.120984877415125,0.126217238759105
0.6254789263511488,0.108103405046586,0.120923343667698,0.126181385909843
0.6270704757820676,0.1079822518417,0.120861668789057,0.126145446787595
0.6286620252129866,0.107860864913347,0.12079985289615,0.126109421430605
0.6302535746439055,0.107739244809167,0.120737896106188,0.126073309877214
0.6318451240748245,0.107617392078007,0.120675798536651,0.126037112165849
0.6334366735057435,0.10749530726992,0.120613560305284,0.126000828335033
0.6350282229366625,0.107372990936169,0.120551181530097,0.125964458423375
0.6366197723675814,0.107250443629222,0.120488662329367,0.125928002469581
0.6382113217985003,0.107127665902753,0.120426002821636,0.125891460512442
0.6398028712294194,0.10700465831164,0.120363203125709,0.125854832590845
0.6413944206603382,0.106881421411969,0.120300263360659,0.125818118743764
0.6429859700912572,0.106757955761027,0.120237183645821,0.125781319010268
0.6445775195221761,0.106634261917307,0.120173964100795,0.125744433429513
0.6461690689530951,0.106510340440502,0.120110604845447,0.125707462040747
0.6477606183840141,0.106386191891511,0.120047105999905,0.125670404883311
0.649352167814933,0.106261816832433,0.119983467684561,0.125633261996634
0.6509437172458519,0.10613721582657,0.11991969002007,0.125596033420236
0.6525352666767709,0.106012389438424,0.119855773127352,0.12555871919373
0.6541268161076899,0.105887338233697,0.119791717127588,0.125521319356816
0.6557183655386088,0.105762062779293,0.119727522142223,0.125483833949288
0.6573099149695277,0.105636563643315,0.119663188292964,0.125446263011028
0.6589014644004466,0.105510841395065,0.11959871570178,0.125408606582009
0.6604930138313657,0.105384896605044,0.119534104490904,0.125370864702296
0.6620845632622846,0.105258729844952,0.119469354782829,0.125333037412042
0.6636761126932036,0.105132341687687,0.119404466700309,0.125295124751493
0.6652676621241225,0.105005732707343,0.119339440366361,0.125257126760982
0.6668592115550416,0.104878903479215,0.119274275904262,0.125219043480935
0.6684507609859605,0.104751854579792,0.119208973437552,0.125180874951866
0.6700423104168793,0.10462458658676,0.119143533090028,0.125142621214382
0.6716338598477983,0.104497100079003,0.119077954985751,0.125104282309177
0.6732254092787173,0.1043693956366,0.11901223924904,0.125065858277037
0.6748169587096363,0.104241473840826,0.118946386004476,0.125027349158838
0.6764085081405552,0.104113335274151,0.118880395376896,0.124988754995543
0.6780000575714741,0.103984980520242,0.118814267491401,0.12495007582821
0.6795916070023932,0.103856410163958,0.118748002473349,0.124911311697982
0.6811831564333121,0.103727624791357,0.118681600448356,0.124872462646095
0.6827747058642311,0.103598624989688,0.118615061542299,0.124833528713873
0.6843662552951499,0.103469411347395,0.118548385881312,0.124794509942731
0.685957804726069,0.103339984454119,0.118481573591787,0.124755406374172
0.6875493541569879,0.103210344900692,0.118414624800377,0.12471621804979
0.6891409035879068,0.103080493279142,0.118347539633988,0.124676945011268
0.6907324530188258,0.102950430182689,0.118280318219789,0.124637587300379
0.6923240024497448,0.102820156205748,0.118212960685202,0.124598144958985
0.6939155518806638,0.102689671943928,0.118145467157907,0.124558618029037
0.6955071013115827,0.10255897799403,0.118077837765843,0.124519006552577
0.6970986507425015,0.102428074954051,0.118010072637204,0.124479310571734
0.6986902001734205,0.10229696342318,0.117942171900439,0.124439530128728
0.7002817496043395,0.102165644001799,0.117874135684257,0.124399665265867
0.7018732990352585,0.102034117291484,0.117805964117619,0.12435971602555
0.7034648484661774,0.101902383895005,0.117737657329743,0.124319682450263
0.7050563978970963,0.101770444416326,0.117669215450103,0.124279564582582
0.7066479473280154,0.101638299460604,0.117600638608428,0.124239362465173
0.7082394967589343,0.101505949634188,0.117531926934702,0.124199076140789
0.7098310461898533,0.101373395544625,0.117463080559162,0.124158705652274
0.7114225956207721,0.101240637800652,0.117394099612302,0.124118251042559
0.7130141450516913,0.101107677012202,0.117324984224868,0.124077712354664
0.7146056944826101,0.100974513790403,0.117255734527861,0.1240370896317
0.716197243913529,0.100841148747576,0.117186350652536,0.123996382916865
0.717788793344448,0.100707582497236,0.117116832730401,0.123955592253445
0.719380342775367,0.100573815654097,0.117047180893216,0.123914717684815
0.720971892206286,0.100439848834063,0.116977395272997,0.123873759254441
0.7225634416372049,0.100305682654237,0.116907476002009,0.123832717005873
0.7241549910681238,0.100171317732917,0.116837423212772,0.123791590982754
0.7257465404990429,0.100036754689596,0.116767237038057,0.123750381228813
0.7273380899299617,0.0999019941449652,0.116696917610888,0.123709087787867
0.7289296393608807,0.0997670367209112,0.11662646506454,0.123667710703823
0.7305211887917996,0.0996318830405184,0.116555879532539,0.123626250020676
0.7321127382227186,0.099496533728069,0.116485161148663,0.123584705782507
0.7337042876536376,0.0993609894090433,0.116414310046941,0.123543078033488
0.7352958370845565,0.0992252507101198,0.116343326361652,0.123501366817877
0.7368873865154754,0.0990893182591765,0.116272210227326,0.123459572180022
0.7384789359463944,0.0989531926852907,0.116200961778742,0.123417694164357
0.7400704853773133,0.0988168746187399,0.116129581150931,0.123375732815406
0.7416620348082323,0.0986803646910027,0.116058068479173,0.123333688177779
0.7432535842391512,0.0985436635347583,0.115986423898996,0.123291560296175
0.7448451336700701,0.0984067717838886,0.115914647546179,0.123249349215382
0.7464366831009892,0.0982696900734775,0.115842739556749,0.123207054980272
0.7480282325319081,0.0981324190398125,0.115770700066981,0.123164677635808
0.7496197819628271,0.0979949593203851,0.115698529213401,0.123122217227041
0.751211331393746,0.0978573115538915,0.115626227132781,0.123079673799106
0.7528028808246651,0.0977194763802332,0.11555379396214,0.123037047397229
0.754394430255584,0.0975814544405184,0.115481229838748,0.122994338066723
0.7559859796865028,0.097443246377062,0.115408534900119,0.122951545852986
0.7575775291174218,0.0973048528333871,0.115335709284016,0.122908670801507
0.7591690785483408,0.0971662744542258,0.115262753128449,0.12286571295786
0.7607606279792598,0.0970275118855197,0.115189666571674,0.122822672367707
0.7623521774101787,0.0968885657744212,0.115116449752193,0.122779549076796
0.7639437268410976,0.0967494367692945,0.115043102808755,0.122736343130964
0.7655352762720167,0.0966101255197166,0.114969625880354,0.122693054576134
0.7671268257029356,0.096470632676478,0.114896019106232,0.122649683458317
0.7687183751338545,0.0963309588915842,0.114822282625872,0.122606229823611
0.7703099245647734,0.0961911048182566,0.114748416579007,0.122562693718199
0.7719014739956925,0.0960510711109338,0.11467442110561,0.122519075188353
0.7734930234266114,0.0959108584252723,0.114600296345903,0.122475374280432
0.7750845728575303,0.0957704674181486,0.11452604244035,0.122431591040879
0.7766761222884493,0.0956298987476594,0.114451659529658,0.122387725516228
0.7782676717193682,0.0954891530731236,0.114377147754781,0.122343777753097
0.7798592211502873,0.0953482310550835,0.114302507256913,0.122299747798191
0.7814507705812062,0.0952071333553058,0.114227738177495,0.122255635698301
0.783042320012125,0.0950658606367835,0.114152840658207,0.122211441500306
0.784633869443044,0.0949244135637368,0.114077814840976,0.122167165251171
0.786225418873963,0.0947827928016149,0.114002660867967,0.122122806997947
0.787816968304882,0.0946409990170975,0.113927378881591,0.122078366787771
0.7894085177358009,0.0944990328780962,0.113851969024499,0.122033844667868
0.7910000671667198,0.0943568950537559,0.113776431439585,0.121989240685547
0.7925916165976389,0.0942145862144569,0.113700766269983,0.121944554888206
0.7941831660285578,0.0940721070318162,0.113624973659068,0.121899787323327
0.7957747154594768,0.0939294581786891,0.113549053750458,0.121854938038477
0.7973662648903956,0.0937866403291713,0.113473006688011,0.121810007081314
0.7989578143213147,0.0936436541586004,0.113396832615823,0.121764994499576
0.8005493637522336,0.0935005003435578,0.113320531678234,0.12171990034109
0.8021409131831525,0.0933571795618704,0.113244104019821,0.12167472465377
0.8037324626140715,0.0932136924926129,0.113167549785401,0.121629467485614
0.8053240120449905,0.0930700398161092,0.113090869120031,0.121584128884705
0.8069155614759095,0.0929262222139349,0.113014062169007,0.121538708899215
0.8085071109068284,0.092782240368919,0.112937129077864,0.121493207577397
0.8100986603377472,0.0926380949651459,0.112860069992375,0.121447624967595
0.8116902097686663,0.092493786687958,0.112782885058552,0.121401961118233
0.8132817591995852,0.0923493162239574,0.112705574422643,0.121356216077826
0.8148733086305042,0.0922046842610081,0.112628138231138,0.121310389894969
0.8164648580614231,0.0920598914882387,0.112550576630759,0.121264482618347
0.818056407492342,0.0919149385960443,0.11247288976847,0.121218494296728
0.8196479569232611,0.0917698262760889,0.112395077791469,0.121172424978966
0.82123950635418,0.091624555221308,0.112317140847192,0.121126274713999
0.8228310557850989,0.0914791261259109,0.11223907908331,0.121080043550851
0.8244226052160178,0.0913335396853833,0.112160892647733,0.121033731538633
0.8260141546469368,0.0911877965964896,0.112082581688604,0.120987338726537
0.8276057040778558,0.0910418975572759,0.112004146354303,0.120940865163844
0.8291972535087747,0.0908958432670723,0.111925586793445,0.120894310899917
0.8307888029396936,0.0907496344264957,0.111846903154879,0.120847675984205
0.8323803523706127,0.0906032717374529,0.111768095587692,0.120800960466244
0.8339719018015316,0.0904567559031428,0.111689164241202,0.12075416439565
0.8355634512324506,0.0903100876280598,0.111610109264963,0.120707287822127
0.8371550006633695,0.0901632676179964,0.111530930808763,0.120660330795464
0.8387465500942886,0.0900162965800463,0.111451629022623,0.120613293365534
0.8403380995252074,0.0898691752226075,0.111372204056798,0.120566175582292
0.8419296489561263,0.0897219042553853,0.111292656061776,0.120518977495781
0.8435211983870453,0.0895744843893954,0.111212985188279,0.120471699156128
0.8451127478179643,0.0894269163369673,0.111133191587259,0.120424340613541
0.8467042972488833,0.0892792008117474,0.111053275409904,0.120376901918317
0.8482958466798022,0.0891313385287023,0.11097323680763,0.120329383120834
0.8498873961107211,0.0889833302041224,0.110893075932088,0.120281784271555
0.8514789455416402,0.088835176555625,0.11081279293516,0.120234105421028
0.853070494972559,0.0886868783021583,0.110732387968958,0.120186346619884
0.854662044403478,0.0885384361640046,0.110651861185826,0.120138507918838
0.8562535938343969,0.0883898508627839,0.110571212738339,0.12009058936869
0.8578451432653158,0.0882411231214578,0.110490442779301,0.120042591020324
0.8594366926962349,0.0880922536643335,0.110409551461749,0.119994512924705
0.8610282421271538,0.0879432432170669,0.110328538938946,0.119946355132885
0.8626197915580728,0.0877940925066673,0.110247405364389,0.119898117695999
0.8642113409889917,0.0876448022615008,0.110166150891801,0.119849800665266
0.8658028904199108,0.0874953732112947,0.110084775675135,0.119801404091986
0.8673944398508296,0.0873458060871415,0.110003279868573,0.119752928027545
0.8689859892817485,0.0871961016215028,0.109921663626527,0.119704372523413
0.8705775387126675,0.0870462605482141,0.109839927103635,0.119655737631142
0.8721690881435865,0.0868962836024887,0.109758070454765,0.119607023402367
0.8737606375745055,0.0867461715209221,0.10967609383501,0.119558229888807
0.8753521870054244,0.0865959250414967,0.109593997399694,0.119509357142266
0.8769437364363433,0.0864455449035863,0.109511781304365,0.119460405214627
0.8785352858672624,0.0862950318479605,0.1094294457048,0.119411374157861
0.8801268352981813,0.0861443866167897,0.109346990757002,0.119362264024019
0.8817183847291002,0.0859936099536495,0.1092644166172,0.119313074865235
0.8833099341600191,0.0858427026035261,0.109181723441849,0.119263806733728
0.8849014835909382,0.0856916653128205,0.109098911387631,0.119214459681797
0.8864930330218571,0.0855404988293544,0.109015980611453,0.119165033761826
0.888084582452776,0.0853892039023745,0.108932931270445,0.119115529026282
0.889676131883695,0.085237781282558,0.108849763521967,0.119065945527713
0.891267681314614,0.085086231722018,0.108766477523598,0.119016283318752
0.892859230745533,0.0849345559743086,0.108683073433146,0.118966542452111
0.8944507801764519,0.0847827547944305,0.10859955140864,0.118916722980588
0.8960423296073707,0.0846308289388366,0.108515911608335,0.118866824957062
0.8976338790382897,0.0844787791654371,0.108432154190708,0.118816848434495
0.8992254284692087,0.084326606233606,0.10834827931446,0.118766793465931
0.9008169779001277,0.0841743109041862,0.108264287138516,0.118716660104495
0.9024085273310466,0.0840218939394958,0.108180177822023,0.118666448403397
0.9040000767619655,0.0838693561033337,0.10809595152435,0.118616158415927
0.9055916261928846,0.083716698160986,0.108011608405088,0.118565790195457
0.9071831756238035,0.0835639208792322,0.107927148624052,0.118515343795443
0.9087747250547223,0.0834110250263511,0.107842572341275,0.118464819269422
0.9103662744856413,0.0832580113721273,0.107757879717016,0.118414216671011
0.9119578239165603,0.0831048806878581,0.107673070911752,0.118363536053912
0.9135493733474793,0.0829516337463591,0.10758814608618,0.118312777471907
0.9151409227783982,0.0827982713219719,0.107503105401221,0.118261940978861
0.9167324722093171,0.0826447941905702,0.107417949018014,0.118211026628718
0.9183240216402362,0.0824912031295668,0.107332677097918,0.118160034475507
0.9199155710711551,0.0823374989179207,0.107247289802512,0.118108964573336
0.9215071205020741,0.082183682336144,0.107161787293594,0.118057816976396
0.9230986699329929,0.0820297541663092,0.107076169733183,0.118006591738959
0.924690219363912,0.0818757151920565,0.106990437283515,0.117955288915378
0.9262817687948309,0.0817215661986012,0.106904590107046,0.117903908560087
0.9278733182257498,0.0815673079727411,0.106818628366448,0.117852450727603
0.9294648676566688,0.0814129413028641,0.106732552224613,0.117800915472523
0.9310564170875878,0.0812584669789562,0.10664636184465,0.117749302849524
0.9326479665185068,0.0811038857926093,0.106560057389887,0.117697612913367
0.9342395159494257,0.0809491985370287,0.106473639023867,0.11764584571889
0.9358310653803446,0.0807944060070419,0.106387106910352,0.117594001321015
0.9374226148112635,0.0806395089991066,0.106300461213318,0.117542079774745
0.9390141642421825,0.0804845083113185,0.10621370209696,0.117490081135162
0.9406057136731015,0.0803294047434205,0.106126829725688,0.117438005457429
0.9421972631040204,0.0801741990968109,0.106039844264128,0.117385852796791
0.9437888125349393,0.0800188921745524,0.105952745877121,0.117333623208573
0.9453803619658584,0.0798634847813803,0.105865534729724,0.11728131674818
0.9469719113967773,0.0797079777237124,0.105778210987208,0.117228933471098
0.9485634608276963,0.0795523718096574,0.105690774815061,0.117176473432893
0.9501550102586152,0.0793966678490245,0.105603226378981,0.117123936689212
0.9517465596895343,0.0792408666533323,0.105515565844886,0.117071323295783
0.9533381091204531,0.0790849690358193,0.105427793378902,0.117018633308411
0.954929658551372,0.0789289758114523,0.105339909147374,0.116965866782985
0.956521207982291,0.0787728877969373,0.105251913316855,0.116913023775472
0.95811275741321,0.0786167058107286,0.105163806054116,0.11686010434192
0.959704306844129,0.0784604306730396,0.105075587526136,0.116807108538456
0.9612958562750479,0.0783040632058524,0.104987257900111,0.116754036421288
0.9628874057059668,0.0781476042329285,0.104898817343446,0.116700888046703
0.9644789551368859,0.0779910545798195,0.10481026602376,0.116647663471068
0.9660705045678047,0.0778344150738774,0.10472160410888,0.11659436275083
0.9676620539987237,0.0776776865442656,0.10463283176685,0.116540985942515
0.9692536034296426,0.0775208698219701,0.10454394916592,0.116487533102731
0.9708451528605617,0.0773639657398102,0.104454956474554,0.116434004288161
0.9724367022914806,0.0772069751324502,0.104365853861424,0.116380399555571
0.9740282517223995,0.0770498988364108,0.104276641495415,0.116326718961807
0.9756198011533185,0.0768927376900807,0.104187319545619,0.116272962563791
0.9772113505842375,0.0767354925337283,0.104097888181339,0.116219130418527
0.9788029000151565,0.0765781642095139,0.104008347572089,0.116165222583096
0.9803944494460753,0.0764207535615016,0.10391869788759,0.116111239114662
0.9819859988769942,0.0762632614356718,0.103828939297772,0.116057180070463
0.9835775483079132,0.0761056886799338,0.103739071972774,0.11600304550782
0.9851690977388322,0.0759480361441381,0.103649096082943,0.115948835484131
0.9867606471697512,0.0757903046800897,0.103559011798836,0.115894550056873
0.9883521966006701,0.0756324951415608,0.103468819291214,0.115840189283603
0.989943746031589,0.0754746083843043,0.103378518731048,0.115785753221956
0.9915352954625081,0.0753166452660667,0.103288110289515,0.115731241929645
0.993126844893427,0.0751586066466027,0.103197594138001,0.115676655464462
0.9947183943243458,0.0750004933876878,0.103106970448096,0.115621993884279
0.9963099437552648,0.0748423063531332,0.103016239391597,0.115567257247044
0.9979014931861838,0.0746840464087996,0.102925401140508,0.115512445610786
0.9994930426171028,0.0745257144226117,0.102834455867039,0.11545755903361
1.0010845920480218,0.0743673112645726,0.102743403743602,0.1154025975737
1.0026761414789407,0.0742088378067791,0.102652244942819,0.11534756128932
1.0042676909098598,0.0740502949234359,0.102560979637515,0.11529245023881
1.0058592403407787,0.0738916834908717,0.102469608000718,0.115237264480589
1.0074507897716976,0.0737330043875541,0.102378130205663,0.115182004073153
1.0090423392026164,0.0735742584941055,0.102286546425787,0.115126669075078
1.0106338886335355,0.0734154466933186,0.102194856834731,0.115071259545016
1.0122254380644544,0.0732565698701731,0.102103061606343,0.115015775541698
1.0138169874953733,0.0730976289118516,0.102011160914669,0.114960217123932
1.0154085369262922,0.0729386247077561,0.101919154933961,0.114904584350604
1.0170000863572113,0.0727795581495252,0.101827043838674,0.114848877280678
1.0185916357881302,0.0726204301310508,0.101734827803464,0.114793095973194
1.0201831852190493,0.0724612415484953,0.10164250700319,0.114737240487272
1.0217747346499682,0.0723019933003094,0.101550081612912,0.114681310882107
1.023366284080887,0.0721426862872496,0.101457551807894,0.114625307216973
1.0249578335118061,0.0719833214123964,0.101364917763597,0.114569229551221
1.026549382942725,0.0718238995811724,0.101272179655688,0.114513077944278
1.028140932373644,0.0716644217013609,0.101179337660032,0.11445685245565
1.0297324818045628,0.0715048886831244,0.101086391952693,0.114400553144919
1.0313240312354819,0.0713453014390242,0.100993342709939,0.114344180071744
1.0329155806664008,0.0711856608840391,0.100900190108236,0.11428773329586
1.0345071300973196,0.0710259679355852,0.100806934324249,0.114231212877082
1.0360986795282388,0.0708662235135359,0.100713575534844,0.114174618875299
1.0376902289591576,0.0707064285402418,0.100620113917084,0.114117951350478
1.0392817783900765,0.070546583940551,0.100526549648234,0.114061210362661
1.0408733278209956,0.0703866906418303,0.100432882905753,0.114004395971969
1.0424648772519145,0.0702267495739853,0.100339113867304,0.113947508238599
1.0440564266828336,0.0700667616694825,0.100245242710743,0.113890547222822
1.0456479761137525,0.0699067278633705,0.100151269614126,0.113833512984988
1.0472395255446714,0.0697466490933017,0.100057194755706,0.113776405585524
1.0488310749755902,0.0695865262995548,0.099963018313935,0.11371922508493
1.0504226244065094,0.069426360425057,0.099868740467459,0.113661971543785
1.0520141738374282,0.0692661524154069,0.0997743613951223,0.113604645022743
1.0536057232683471,0.0691059032188976,0.0996798812759655,0.113547245582535
1.055197272699266,0.06894561378654,0.099585300289225,0.113489773283966
1.056788822130185,0.068785285072087,0.0994906186143332,0.11343222818792
1.058380371561104,0.0686249180320566,0.0993958364309181,0.113374610355353
1.059971920992023,0.0684645136257576,0.0993009539188029,0.1133169198473
1.061563470422942,0.0683040728153133,0.0992059712580058,0.113259156724871
1.0631550198538608,0.068143596565687,0.09911088862874,0.11320132104925
1.06474656928478,0.0679830858447074,0.0990157062114129,0.113143412881698
1.0663381187156988,0.0678225416230947,0.0989204241866263,0.113085432283553
1.0679296681466177,0.0676619648744863,0.098825042735176,0.113027379316225
1.0695212175775366,0.0675013565754634,0.0987295620380512,0.112969254041201
1.0711127670084557,0.067340717705578,0.0986339822764347,0.112911056520044
1.0727043164393746,0.0671800492473805,0.0985383036317024,0.112852786814392
1.0742958658702935,0.0670193521864464,0.0984425262854233,0.112794444985958
1.0758874153012126,0.0668586275114055,0.0983466504193586,0.112736031096529
1.0774789647321315,0.0666978762139693,0.0982506762154621,0.112677545207968
1.0790705141630506,0.0665370992889605,0.0981546038558797,0.112618987382214
1.0806620635939694,0.0663762977343419,0.098058433522949,0.112560357681278
1.0822536130248883,0.0662154725512459,0.097962165399199,0.112501656167249
1.0838451624558074,0.0660546247440049,0.0978657996673502,0.112442882902289
1.0854367118867263,0.0658937553201815,0.0977693365103142,0.112384037948635
1.0870282613176452,0.0657328652905993,0.0976727761111929,0.112325121368598
1.088619810748564,0.0655719556693743,0.0975761186532792,0.112266133224565
1.0902113601794832,0.0654110274739467,0.0974793643200558,0.112207073578996
1.091802909610402,0.0652500817251131,0.0973825132951955,0.112147942494426
1.093394459041321,0.0650891194470588,0.0972855657625609,0.112088740033464
1.09498600847224,0.0649281416673911,0.0971885219062038,0.112029466258794
1.096577557903159,0.0647671494171731,0.0970913819103653,0.111970121233174
1.098169107334078,0.0646061437309572,0.0969941459594754,0.111910705019436
1.099760656764997,0.0644451256468197,0.0968968142381527,0.111851217680485
1.1013522061959158,0.0642840962063961,0.0967993869312041,0.111791659279301
1.1029437556268347,0.0641230564549159,0.0967018642236247,0.111732029878938
1.1045353050577538,0.0639620074412394,0.0966042463005974,0.111672329542523
1.1061268544886727,0.0638009502178932,0.0965065333474928,0.111612558333259
1.1077184039195915,0.0636398858411077,0.0964087255498687,0.111552716314419
1.1093099533505104,0.0634788153708544,0.09631082309347,0.111492803549352
1.1109015027814295,0.0633177398708839,0.0962128261642284,0.111432820101481
1.1124930522123484,0.0631566604087644,0.0961147349482623,0.111372766034301
1.1140846016432675,0.0629955780559206,0.0960165496318761,0.11131264141138
1.1156761510741864,0.0628344938876734,0.0959182704015606,0.111252446296363
1.1172677005051053,0.0626734089832799,0.0958198974439922,0.111192180752963
1.1188592499360244,0.0625123244259744,0.0957214309460327,0.11113184484497
1.1204507993669433,0.0623512413030093,0.0956228710947295,0.111071438636245
1.1220423487978621,0.0621901607056971,0.0955242180773147,0.111010962190724
1.1236338982287812,0.0620290837294525,0.0954254720812053,0.110950415572414
1.1252254476597001,0.0618680114738359,0.0953266332940028,0.110889798845396
1.126816997090619,0.0617069450425968,0.0952277019034931,0.110829112073824
1.1284085465215379,0.0615458855437177,0.0951286780976457,0.110768355321924
1.130000095952457,0.0613848340894593,0.0950295620646144,0.110707528653994
1.1315916453833759,0.0612237917964057,0.094930353992736,0.110646632134407
1.1331831948142947,0.0610627597855106,0.094831054070531,0.110585665827607
1.1347747442452139,0.060901739182144,0.0947316624867025,0.11052462979811
1.1363662936761327,0.0607407311161395,0.0946321794301366,0.110463524110505
1.1379578431070518,0.0605797367218425,0.0945326050899018,0.110402348829454
1.1395493925379707,0.0604187571381585,0.0944329396552489,0.110341104019689
1.1411409419688896,0.0602577935086029,0.0943331833156108,0.110279789746017
1.1427324913998085,0.0600968469813509,0.0942333362606019,0.110218406073316
1.1443240408307276,0.059935918709288,0.0941333986800184,0.110156953066535
1.1459155902616465,0.0597750098500622,0.0940333707638376,0.110095430790696
1.1475071396925653,0.0596141215661351,0.0939332527022179,0.110033839310893
1.1490986891234842,0.0594532550248358,0.0938330446854985,0.109972178692291
1.1506902385544033,0.0592924113984141,0.093732746904199,0.109910449000127
1.1522817879853222,0.0591315918640948,0.0936323595490195,0.109848650299711
1.1538733374162413,0.058970797604133,0.09353188281084,0.109786782656422
1.1554648868471602,0.0588100298058701,0.0934313168807203,0.109724846135713
1.1570564362780793,0.0586492896617904,0.0933306619499,0.109662840803106
1.1586479857089982,0.0584885783695786,0.0932299182097977,0.109600766724197
1.160239535139917,0.058327897132178,0.0931290858520115,0.109538623964652
1.161831084570836,0.0581672471578499,0.0930281650683179,0.109476412590207
1.163422634001755,0.0580066296602332,0.0929271560506725,0.109414132666672
1.165014183432674,0.0578460458584054,0.0928260589912088,0.109351784259926
1.1666057328635928,0.0576854969769439,0.0927248740822388,0.109289367435918
1.1681972822945117,0.057524984245989,0.0926236015162524,0.109226882260671
1.1697888317254308,0.0573645089013067,0.0925222414859169,0.109164328800277
1.1713803811563497,0.0572040721843533,0.0924207941840774,0.109101707120899
1.1729719305872688,0.0570436753423403,0.0923192598037561,0.10903901728877
1.1745634800181877,0.0568833196283007,0.092217638538152,0.108976259370195
1.1761550294491068,0.0567230063011555,0.092115930580641,0.108913433431548
1.1777465788800257,0.056562736625782,0.0920141361247757,0.108850539539275
1.1793381283109445,0.0564025118730827,0.0919122553642847,0.108787577759892
1.1809296777418634,0.0562423333200544,0.0918102884930728,0.108724548159985
1.1825212271727823,0.0560822022498599,0.0917082357052207,0.10866145080621
1.1841127766037014,0.055922119951899,0.0916060971949847,0.108598285765293
1.1857043260346203,0.0557620877218819,0.0915038731567964,0.108535053104032
1.1872958754655392,0.0556021068619022,0.0914015637852627,0.108471752889293
1.1888874248964583,0.0554421786805123,0.0912991692751653,0.108408385188012
1.1904789743273771,0.0552823044927991,0.0911966898214607,0.108344950067196
1.1920705237582963,0.0551224856204607,0.09109412561928,0.108281447593921
1.1936620731892151,0.0549627233918846,0.0909914768639286,0.108217877835334
1.195253622620134,0.0548030191422265,0.0908887437508856,0.10815424085865
1.1968451720510531,0.0546433742134906,0.0907859264758045,0.108090536731154
1.198436721481972,0.0544837899546111,0.090683025234512,0.108026765520201
1.2000282709128909,0.0543242677215338,0.0905800402230085,0.107962927293215
1.2016198203438098,0.0541648088773005,0.0904769716374673,0.10789902211769
1.2032113697747289,0.0540054147921333,0.0903738196742351,0.107835050061188
1.2048029192056477,0.0538460868435205,0.090270584529831,0.107771011191343
1.2063944686365666,0.0536868264163037,0.0901672664009469,0.107706905575854
1.2079860180674857,0.0535276349027658,0.0900638654844469,0.107642733282492
1.2095775674984046,0.0533685137027211,0.0899603819773674,0.107578494379097
1.2111691169293235,0.0532094642236054,0.0898568160769168,0.107514188933576
1.2127606663602426,0.0530504878805683,0.0897531679804748,0.107449817013906
1.2143522157911615,0.0528915860965666,0.0896494378855932,0.107385378688134
1.2159437652220806,0.0527327603024585,0.0895456259899948,0.107320874024373
1.2175353146529995,0.0525740119370997,0.0894417324915737,0.107256303090806
1.2191268640839183,0.0524153424474405,0.0893377575883946,0.107191665955686
1.2207184135148372,0.0522567532886245,0.0892337014786932,0.107126962687331
1.2223099629457561,0.0520982459240881,0.0891295643608758,0.107062193354131
1.2239015123766752,0.0519398218256623,0.0890253464335187,0.106997358024541
1.225493061807594,0.0517814824736749,0.0889210478953687,0.106932456767087
1.227084611238513,0.0516232293570549,0.0888166689453422,0.106867489650362
1.228676160669432,0.0514650639734378,0.0887122097825256,0.106802456743027
1.230267710100351,0.0513069878292726,0.0886076706061747,0.106737358113811
1.23185925953127,0.0511490024399304,0.0885030516157146,0.10667219383151
1.233450808962189,0.050991109329814,0.0883983530107398,0.10660696396499
1.2350423583931078,0.0508333100324699,0.0882935749910135,0.106541668583183
1.236633907824027,0.0506756060907003,0.088188717756468,0.10647630775509
1.2382254572549458,0.0505179990566786,0.0880837815072038,0.106410881549778
1.2398170066858647,0.0503604904920649,0.0879787664434903,0.106345390036384
1.2414085561167836,0.0502030819681237,0.0878736727657647,0.106279833284108
1.2430001055477027,0.0500457750658432,0.0877685006746325,0.106214211362223
1.2445916549786216,0.0498885713760563,0.0876632503708671,0.106148524340065
1.2461832044095404,0.0497314724995629,0.0875579220554095,0.10608277228704
1.2477747538404595,0.0495744800472542,0.0874525159293681,0.106016955272619
1.2493663032713784,0.0494175956402384,0.087347032194019,0.105951073366341
1.2509578527022975,0.0492608209099685,0.0872414710508051,0.105885126637812
1.2525494021332164,0.0491041574983715,0.0871358327013366,0.105819115156706
1.2541409515641353,0.0489476070579793,0.0870301173473902,0.105753038992761
1.2557325009950544,0.0487911712520615,0.0869243251909096,0.105686898215785
1.2573240504259733,0.0486348517547602,0.0868184564340049,0.105620692895651
1.2589155998568922,0.0484786502512263,0.0867125112789524,0.105554423102299
1.260507149287811,0.0483225684377574,0.0866064899281946,0.105488088905735
1.2620986987187301,0.0481666080219383,0.0865003925843401,0.105421690376031
1.263690248149649,0.0480107707227826,0.0863942194501632,0.105355227583328
1.265281797580568,0.0478550582708767,0.0862879707286041,0.10528870059783
1.266873347011487,0.0476994724085256,0.0861816466227682,0.105222109489809
1.268464896442406,0.0475440148898999,0.0860752473359267,0.105155454329604
1.270056445873325,0.0473886874811865,0.0859687730715156,0.105088735187618
1.2716479953042439,0.0472334919607391,0.0858622240331361,0.105021952134322
1.2732395447351628,0.0470784301192325,0.0857556004245544,0.10495510524025
1.2748310941660816,0.0469235037598178,0.0856489024497015,0.104888194576005
1.2764226435970005,0.0467687146982802,0.0855421303126728,0.104821220212254
1.2780141930279194,0.0466140647631984,0.0854352842177284,0.104754182219731
1.2796057424588387,0.0464595557961068,0.0853283643692925,0.104687080669234
1.2811972918897576,0.0463051896516589,0.0852213709719537,0.104619915631627
1.2827888413206765,0.0461509681977935,0.0851143042304646,0.104552687177841
1.2843803907515954,0.0459968933159026,0.0850071643497416,0.10448539537887
1.2859719401825145,0.0458429669010018,0.0848999515348651,0.104418040305774
1.2875634896134334,0.0456891908619029,0.0847926659910789,0.10435062202968
1.2891550390443522,0.045535567121388,0.0846853079237904,0.104283140621777
1.2907465884752711,0.0453820976163867,0.0845778775385704,0.104215596153323
1.2923381379061902,0.0452287842981553,0.0844703750411531,0.104147988695637
1.2939296873371093,0.0450756291324578,0.0843628006374355,0.104080318320105
1.2955212367680282,0.0449226340997496,0.084255154533478,0.104012585098178
1.297112786198947,0.0447698011953636,0.0841474369355037,0.103944789101371
1.298704335629866,0.044617132429698,0.0840396480498983,0.103876930401264
1.3002958850607849,0.0444646298284072,0.0839317880832104,0.103809009069501
1.3018874344917037,0.0443122954325944,0.0838238572421511,0.103741025177792
1.3034789839226228,0.0441601312990069,0.083715855733594,0.103672978797909
1.3050705333535417,0.044008139500234,0.0836077837645747,0.103604870001691
1.3066620827844608,0.0438563221249063,0.0834996415422914,0.10353669886104
1.3082536322153797,0.043704681277899,0.0833914292741042,0.103468465447921
1.3098451816462988,0.043553219080536,0.0832831471675352,0.103400169834366
1.3114367310772177,0.0434019376707974,0.0831747954302686,0.103331812092468
1.3130282805081366,0.0432508392035292,0.0830663742701501,0.103263392294386
1.3146198299390555,0.0430999258506557,0.0829578838951873,0.103194910512343
1.3162113793699743,0.0429491998013937,0.0828493245135495,0.103126366818623
1.3178029288008932,0.04279866326247,0.0827406963335673,0.103057761285578
1.3193944782318126,0.0426483184583408,0.0826319995637329,0.10298909398562
1.3209860276627314,0.0424981676314142,0.0825232344126999,0.102920364991227
1.3225775770936503,0.0423482130422742,0.0824144010892829,0.102851574374938
1.3241691265245692,0.0421984569699082,0.082305499802458,0.102782722209358
1.3257606759554883,0.0420489017119371,0.0821965307613623,0.102713808567153
1.3273522253864072,0.0418995495848467,0.0820874941752939,0.102644833521055
1.328943774817326,0.0417504029242231,0.081978390253712,0.102575797143856
1.330535324248245,0.0416014640849896,0.0818692192062363,0.102506699508414
1.3321268736791643,0.0414527354416466,0.0817599812426479,0.102437540687648
1.3337184231100832,0.0413042193885144,0.0816506765728882,0.10236832075454
1.335309972541002,0.0411559183399773,0.0815413054070596,0.102299039782137
1.336901521971921,0.0410078347307318,0.081431867955425,0.102229697843546
1.3384930714028398,0.0408599710160359,0.0813223644284078,0.102160295011938
1.3400846208337587,0.040712329671962,0.0812127950365921,0.102090831360546
1.3416761702646778,0.0405649131956521,0.0811031599907225,0.102021306962668
1.3432677196955967,0.0404177241055745,0.0809934595017038,0.10195172189166
1.3448592691265155,0.0402707649417847,0.0808836937806015,0.101882076220945
1.3464508185574346,0.0401240382661872,0.0807738630386412,0.101812370024005
1.3480423679883538,0.0399775466628007,0.080663967487209,0.101742603374385
1.3496339174192726,0.0398312927380257,0.0805540073378511,0.101672776345694
1.3512254668501915,0.0396852791209137,0.080443982802274,0.1016028890116
1.3528170162811104,0.0395395084634401,0.0803338940923445,0.101532941445835
1.3544085657120293,0.039393983440778,0.0802237414200895,0.101462933722193
1.3560001151429482,0.0392487067515758,0.080113524997696,0.101392865914528
1.3575916645738673,0.0391036811182362,0.0800032450375114,0.101322738096758
1.3591832140047864,0.0389589092871975,0.079892901752043,0.101252550342861
1.3607747634357052,0.0388143940292174,0.0797824953539582,0.101182302726877
1.3623663128666241,0.0386701381396591,0.0796720260560847,0.101111995322909
1.3639578622975432,0.0385261444387794,0.0795614940714101,0.101041628205118
1.3655494117284621,0.0383824157720189,0.0794508996130821,0.10097120144773
1.367140961159381,0.0382389550102938,0.0793402428944088,0.100900715125031
1.3687325105902999,0.038095765050291,0.0792295241288579,0.100830169311366
1.3703240600212188,0.0379528488147635,0.0791187435300577,0.100759564081143
1.371915609452138,0.0378102092528293,0.0790079013117963,0.100688899508833
1.373507158883057,0.0376678493402706,0.078896997688022,0.100618175668964
1.3750987083139758,0.0375257720798358,0.0787860328728433,0.100547392636128
1.3766902577448947,0.0373839805015428,0.078675007080529,0.100476550484975
1.3782818071758136,0.0372424776629839,0.0785639205255077,0.100405649290218
1.3798733566067325,0.0371012666496322,0.0784527734223687,0.100334689126629
1.3814649060376516,0.0369603505751495,0.0783415659858612,0.100263670069042
1.3830564554685705,0.0368197325816954,0.0782302984308949,0.100192592192351
1.3846480048994896,0.0366794158402376,0.0781189709725397,0.10012145557151
1.3862395543304085,0.0365394035508636,0.0780075838260261,0.100050260281532
1.3878311037613276,0.0363996989430931,0.0778961372067449,0.0999790063974934
1.3894226531922464,0.036260305276191,0.0777846313302473,0.0999076939945278
1.3910142026231653,0.036121225839482,0.0776730664122451,0.0998363231478301
1.3926057520540842,0.0359824639526653,0.0775614426686107,0.0997648939326552
1.394197301485003,0.0358440229661295,0.0774497603153774,0.0996934064243175
1.395788850915922,0.0357059062612682,0.0773380195687387,0.0996218606981914
1.397380400346841,0.0355681172507961,0.0772262206450496,0.0995502568297111
1.3989719497777602,0.0354306593790646,0.0771143637608254,0.0994785948943703
1.400563499208679,0.0352935361223771,0.0770024491327427,0.0994068749677222
1.402155048639598,0.035156750989305,0.0768904769776391,0.0993350971253795
1.403746598070517,0.0350203075210017,0.0767784475125131,0.0992632614430146
1.405338147501436,0.0348842092915174,0.0766663609545249,0.0991913679963588
1.4069296969323548,0.0347484599081121,0.0765542175209957,0.0991194168612029
1.4085212463632737,0.0346130630115676,0.0764420174294082,0.0990474081133966
1.4101127957941926,0.0344780222764985,0.0763297608974067,0.0989753418288489
1.411704345225112,0.0343433414116614,0.0762174481427972,0.0989032180835278
1.4132958946560308,0.0342090241602624,0.0761050793835476,0.0988310369534601
1.4148874440869497,0.0340750743002624,0.0759926548377873,0.0987587985147313
1.4164789935178685,0.0339414956446805,0.0758801747238083,0.098686502843486
1.4180705429487874,0.0338082920418943,0.0757676392600642,0.0986141500159271
1.4196620923797065,0.0336754673759379,0.0756550486651715,0.0985417401083164
1.4212536418106254,0.0335430255667961,0.0755424031579087,0.0984692731969739
1.4228451912415443,0.033410970570696,0.075429702957217,0.0983967493582782
1.4244367406724634,0.0332793063803941,0.0753169482822005,0.0983241686686663
1.4260282901033825,0.0331480370254598,0.0752041393521262,0.0982515312046333
1.4276198395343014,0.0330171665725542,0.075091276386424,0.0981788370427326
1.4292113889652203,0.0328866991257039,0.0749783596046873,0.0981060862595756
1.4308029383961391,0.0327566388265706,0.0748653892266726,0.0980332789318317
1.432394487827058,0.032626989854714,0.0747523654723002,0.0979604151362283
1.433986037257977,0.0324977564278494,0.0746392885616543,0.0978874949495507
1.435577586688896,0.0323689428020993,0.0745261587149828,0.0978145184486418
1.437169136119815,0.0322405532722372,0.0744129761526981,0.0977414857104025
1.438760685550734,0.0321125921719254,0.0742997410953766,0.0976683968117909
1.4403522349816529,0.0319850638739445,0.0741864537637596,0.0975952518298229
1.441943784412572,0.0318579727904148,0.0740731143787531,0.0975220508415718
1.4435353338434909,0.0317313233730092,0.0739597231614279,0.0974487939241682
1.4451268832744097,0.0316051201131574,0.0738462803330204,0.0973754811548
1.4467184327053286,0.0314793675422399,0.0737327861149322,0.0973021126107124
1.4483099821362475,0.0313540702317725,0.0736192407287308,0.0972286883692075
1.4499015315671664,0.031229232793579,0.0735056443961494,0.0971552085076447
1.4514930809980857,0.0311048598799547,0.0733919973390878,0.0970816731034401
1.4530846304290046,0.0309809561838157,0.0732782997796118,0.0970080822340668
1.4546761798599235,0.0308575264388378,0.0731645519399542,0.0969344359770548
1.4562677292908424,0.0307345754195811,0.0730507540425148,0.0968607344099906
1.4578592787217615,0.0306121079416013,0.0729369063098604,0.0967869776105175
1.4594508281526803,0.0304901288615472,0.0728230089647258,0.0967131656563351
1.4610423775835992,0.0303686430772426,0.0727090622300131,0.0966392986251998
1.462633927014518,0.0302476555277528,0.0725950663287929,0.0965653765949241
1.4642254764454372,0.0301271711934347,0.0724810214843041,0.096491399643377
1.4658170258763563,0.03000719509597,0.0723669279199545,0.0964173678484836
1.4674085753072752,0.0298877322983805,0.0722527858593205,0.0963432812882251
1.469000124738194,0.0297687879050244,0.0721385955261484,0.0962691400406389
1.470591674169113,0.0296503670615745,0.072024357144354,0.0961949441838182
1.4721832236000318,0.0295324749549744,0.071910070938023,0.0961206937959123
1.4737747730309507,0.0294151168133758,0.0717957371314116,0.0960463889551262
1.4753663224618698,0.0292982979060525,0.0716813559489468,0.0959720297397205
1.4769578718927887,0.0291820235432928,0.0715669276152267,0.0958976162280116
1.4785494213237078,0.0290662990762676,0.0714524523550207,0.0958231484983715
1.4801409707546267,0.028951129896875,0.0713379303932701,0.0957486266292276
1.4817325201855458,0.0288365214375591,0.0712233619550886,0.0956740506990627
1.4833240696164647,0.0287224791711028,0.0711087472657622,0.0955994207864149
1.4849156190473836,0.0286090086103941,0.0709940865507501,0.0955247369698775
1.4865071684783024,0.0284961153081634,0.0708793800356848,0.0954499993280992
1.4880987179092213,0.0283838048566928,0.0707646279463728,0.0953752079397834
1.4896902673401402,0.0282720828874951,0.0706498305087946,0.0953003628836888
1.4912818167710595,0.0281609550709617,0.0705349879491055,0.0952254642386289
1.4928733662019784,0.0280504271159797,0.070420100493636,0.0951505120834719
1.4944649156328973,0.0279405047695143,0.0703051683688919,0.095075506497141
1.4960564650638162,0.0278311938161596,0.0701901918015553,0.0950004475586139
1.4976480144947353,0.0277225000776525,0.0700751710184845,0.0949253353469228
1.4992395639256542,0.0276144294123522,0.0699601062467149,0.0948501699411546
1.500831113356573,0.0275069877146817,0.0698449977134594,0.0947749514204504
1.502422662787492,0.0274001809145324,0.0697298456461085,0.0946996798640059
1.5040142122184113,0.0272940149766287,0.0696146502722315,0.0946243553510708
1.5056057616493301,0.0271884958998533,0.0694994118195764,0.0945489779609492
1.507197311080249,0.027083629716531,0.0693841305160706,0.094473547772999
1.508788860511168,0.026979422491671,0.0692688065898217,0.0943980648666324
1.5103804099420868,0.026875880322165,0.0691534402691175,0.0943225293213153
1.5119719593730057,0.0267730093359426,0.069038031782427,0.0942469412165675
1.5135635088039248,0.0266708156910801,0.0689225813584009,0.0941713006319628
1.5151550582348436,0.0265693055748643,0.0688070892258719,0.0940956076471283
1.5167466076657625,0.0264684852028081,0.0686915556138554,0.0940198623417448
1.5183381570966816,0.026368360817619,0.0685759807515503,0.0939440647955469
1.5199297065276007,0.0262689386881172,0.0684603648683394,0.0938682150883223
1.5215212559585196,0.0261702251081053,0.06834470819379,0.0937923132999122
1.5231128053894385,0.0260722263951849,0.0682290109576544,0.093716359510211
1.5247043548203574,0.0259749488895234,0.0681132733898708,0.0936403537991664
1.5262959042512763,0.0258783989525664,0.0679974957205638,0.093564296246779
1.5278874536821951,0.0257825829656978,0.0678816781800451,0.0934881869331026
1.5294790031131142,0.0256875073288442,0.067765820998814,0.093412025938244
1.5310705525440333,0.0255931784590252,0.0676499244075583,0.0933358133423626
1.5326621019749522,0.0254996027888469,0.0675339886371548,0.0932595492256708
1.534253651405871,0.02540678676494,0.06741801391867,0.0931832336684335
1.5358452008367902,0.0253147368463389,0.0673020004833609,0.0931068667509686
1.537436750267709,0.0252234595028047,0.0671859485626758,0.093030448553646
1.539028299698628,0.0251329612130892,0.0670698583882548,0.0929539791568884
1.5406198491295469,0.0250432484631392,0.0669537301919304,0.0928774586411709
1.5422113985604657,0.0249543277442432,0.0668375642057291,0.0928008870870205
1.543802947991385,0.0248662055511175,0.0667213606618708,0.0927242645750169
1.545394497422304,0.0247788883799323,0.066605119792771,0.0926475911857916
1.5469860468532228,0.0246923827262786,0.0664888418310406,0.0925708670000283
1.5485775962841417,0.024606695083074,0.066372527009487,0.0924940920984625
1.5501691457150606,0.0245218319384093,0.0662561755611149,0.0924172665618816
1.5517606951459795,0.0244377997733337,0.0661397877191272,0.092340390471125
1.5533522445768986,0.0243546050595814,0.0660233637169261,0.0922634639070836
1.5549437940078175,0.0242722542572374,0.0659069037881132,0.0921864869507
1.5565353434387363,0.0241907538123441,0.065790408166491,0.0921094596829683
1.5581268928696554,0.0241101101544494,0.0656738770860636,0.0920323821849341
1.5597184423005745,0.0240303296940955,0.0655573107810377,0.0919552545376946
1.5613099917314934,0.0239514188202506,0.0654407094858231,0.0918780768223978
1.5629015411624123,0.0238733838976834,0.0653240734350342,0.0918008491202435
1.5644930905933312,0.0237962312642809,0.0652074028634905,0.0917235715124821
1.56608464002425,0.0237199672283122,0.0650906980062178,0.0916462440804156
1.567676189455169,0.0236445980656369,0.0649739590984489,0.0915688669053964
1.569267738886088,0.0235701300168619,0.0648571863756249,0.0914914400688283
1.5708592883170072,0.0234965692844461,0.0647403800733961,0.0914139636521655
1.572450837747926,0.0234239220297554,0.0646235404276226,0.0913364377369134
1.574042387178845,0.0233521943700697,0.0645066676743761,0.0912588624046276
1.575633936609764,0.0232813923755433,0.0643897620499403,0.0911812377369144
1.577225486040683,0.0232115220661203,0.0642728237908122,0.0911035638154308
1.5788170354716018,0.0231425894084089,0.064155853133703,0.091025840721884
1.5804085849025207,0.0230746003125135,0.0640388503155395,0.0909480685380315
1.5820001343334396,0.023007560628831,0.063921815573465,0.0908702473456812
1.5835916837643589,0.0229414761448097,0.0638047491448405,0.0907923772266909
1.5851832331952778,0.0228763525816769,0.0636876512672456,0.0907144582629687
1.5867747826261966,0.0228121955911358,0.06357052217848,0.0906364905364728
1.5883663320571155,0.0227490107520353,0.0634533621165645,0.090558474129211
1.5899578814880344,0.0226868035670157,0.0633361713197422,0.0904804091232411
1.5915494309189535,0.0226255794591336,0.0632189500264796,0.0904022956006708
1.5931409803498724,0.0225653437684695,0.0631016984754682,0.0903241336436571
1.5947325297807913,0.0225061017487205,0.0629844169056251,0.090245923334407
1.5963240792117102,0.0224478585637834,0.062867105556095,0.0901676647551767
1.5979156286426295,0.02239061928433,0.0627497646662509,0.0900893579882719
1.5995071780735484,0.0223343888843802,0.0626323944756956,0.0900110031160479
1.6010987275044672,0.022279172237875,0.0625149952242631,0.0899326002209089
1.6026902769353861,0.022224974115256,0.06239756715202,0.0898541493853085
1.604281826366305,0.0221717991800519,0.0622801104992665,0.0897756506917494
1.605873375797224,0.0221196519854803,0.062162625506538,0.0896971042227831
1.607464925228143,0.0220685369710659,0.0620451124146068,0.0896185100610104
1.6090564746590619,0.0220184584592812,0.0619275714644827,0.0895398682890807
1.610648024089981,0.0219694206522138,0.0618100028974155,0.0894611789896922
1.6122395735208999,0.0219214276282646,0.0616924069548954,0.089382442245592
1.613831122951819,0.021874483338882,0.0615747838786554,0.0893036581395756
1.6154226723827378,0.0218285916053365,0.061457133910672,0.089224826754487
1.6170142218136567,0.0217837561155397,0.0613394572931675,0.089145948173219
1.6186057712445756,0.0217399804209142,0.0612217542686108,0.0890670224787123
1.6201973206754945,0.0216972679333168,0.0611040250797194,0.0889880497539563
1.6217888701064134,0.0216556219220222,0.0609862699694609,0.0889090300819884
1.6233804195373327,0.0216150455107696,0.0608684891810547,0.0888299635458942
1.6249719689682516,0.0215755416748787,0.0607506829579735,0.0887508502288073
1.6265635183991705,0.0215371132384386,0.0606328515439449,0.0886716902139093
1.6281550678300893,0.0214997628715754,0.0605149951829531,0.0885924835844298
1.6297466172610084,0.0214634930878013,0.060397114119241,0.088513230423646
1.6313381666919273,0.0214283062414519,0.0602792085973113,0.0884339308148831
1.6329297161228462,0.0213942045252143,0.0601612788619287,0.0883545848415136
1.634521265553765,0.0213611899677513,0.0600433251581215,0.0882751925869579
1.636112814984684,0.0213292644314259,0.0599253477311833,0.0881957541346837
1.6377043644156033,0.0212984296101293,0.0598073468266752,0.0881162695682062
1.6392959138465222,0.021268687027218,0.0596893226904273,0.0880367389710879
1.640887463277441,0.0212400380335621,0.0595712755685406,0.0879571624269386
1.64247901270836,0.0212124838057099,0.0594532057073893,0.0878775400194151
1.6440705621392788,0.0211860253441708,0.0593351133536222,0.0877978718322214
1.6456621115701977,0.0211606634718219,0.0592169987541648,0.0877181579491087
1.6472536610011168,0.0211363988324394,0.0590988621562217,0.0876383984538747
1.6488452104320357,0.0211132318893589,0.0589807038072782,0.0875585934303644
1.6504367598629548,0.0210911629242667,0.0588625239551022,0.0874787429624693
1.6520283092938737,0.0210701920361257,0.058744322847747,0.0873988471341276
1.6536198587247928,0.0210503191402368,0.0586261007335525,0.0873189060293242
1.6552114081557117,0.0210315439674388,0.058507857861148,0.0872389197320906
1.6568029575866305,0.0210138660634479,0.0583895944794541,0.0871588883265045
1.6583945070175494,0.0209972847883397,0.0582713108376848,0.0870788118966902
1.6599860564484683,0.020981799316173,0.0581530071853499,0.0869986905268182
1.6615776058793872,0.0209674086347584,0.0580346837722575,0.0869185243011052
1.6631691553103065,0.0209541115455714,0.0579163408485154,0.0868383133038141
1.6647607047412254,0.0209419066638106,0.0577979786645346,0.0867580576192538
1.6663522541721443,0.0209307924186015,0.0576795974710308,0.0866777573317793
1.6679438036030632,0.0209207670533463,0.0575611975190269,0.0865974125257912
1.6695353530339823,0.0209118286262181,0.0574427790598558,0.0865170232857362
1.6711269024649011,0.0209039750108008,0.0573243423451626,0.0864365896961067
1.67271845189582,0.0208972038968719,0.057205887626907,0.0863561118414406
1.674310001326739,0.020891512791329,0.057087415157366,0.0862755898063215
1.6759015507576578,0.0208868990192574,0.0569689251891364,0.0861950236753786
1.6774931001885771,0.0208833597251372,0.0568504179751373,0.0861144135332862
1.679084649619496,0.020880891874189,0.0567318937686129,0.0860337594647643
1.6806761990504149,0.0208794922538552,0.056613352823135,0.0859530615545781
1.6822677484813338,0.0208791574754153,0.0564947953926059,0.0858723198875377
1.6838592979122526,0.020879883975731,0.0563762217312608,0.0857915345484987
1.6854508473431717,0.0208816680191213,0.0562576320936711,0.0857107056223614
1.6870423967740906,0.0208845056993607,0.0561390267347466,0.0856298331940713
1.6886339462050095,0.0208883929418015,0.056020405909739,0.0855489173486186
1.6902254956359286,0.0208933255056122,0.0559017698742442,0.0854679581710384
1.6918170450668477,0.0208992989861329,0.0557831188842058,0.0853869557464105
1.6934085944977666,0.0209063088173407,0.0556644531959174,0.0853059101598593
1.6950001439286855,0.020914350274422,0.0555457730660264,0.0852248214965538
1.6965916933596044,0.0209234184764483,0.0554270787515365,0.0851436898417075
1.6981832427905232,0.0209335083891506,0.055308370509811,0.0850625152805782
1.6997747922214421,0.0209446148277883,0.055189648598576,0.0849812978984682
1.7013663416523612,0.020956732460107,0.0550709132759234,0.0849000377807239
1.7029578910832803,0.020969855809383,0.0549521648003146,0.0848187350127359
1.7045494405141992,0.0209839792575467,0.0548334034305831,0.084737389679939
1.706140989945118,0.0209990970483834,0.0547146294259383,0.084656001867812
1.7077325393760372,0.0210152032908031,0.0545958430459689,0.0845745716618774
1.709324088806956,0.0210322919621781,0.0544770445506462,0.084493099147702
1.710915638237875,0.0210503569117404,0.0543582342003272,0.0844115844108959
1.7125071876687938,0.0210693918640357,0.0542394122557591,0.0843300275371133
1.7140987370997127,0.0210893904224282,0.0541205789780817,0.0842484286120519
1.7156902865306316,0.021110346072652,0.054001734628832,0.0841667877214529
1.717281835961551,0.0211322521864031,0.0538828794699472,0.084085104951101
1.7188733853924698,0.0211551020249682,0.0537640137637688,0.0840033803868244
1.7204649348233887,0.0211788887428839,0.0536451377730464,0.0839216141144944
1.7220564842543076,0.0212036053916235,0.0535262517609411,0.083839806220026
1.7236480336852265,0.0212292449233045,0.05340735599103,0.0837579567893769
1.7252395831161456,0.0212558001944131,0.0532884507273096,0.083676065908548
1.7268311325470644,0.0212832639695414,0.0531695362342,0.0835941336635835
1.7284226819779833,0.0213116289251319,0.0530506127765493,0.0835121601405703
1.7300142314089024,0.0213408876532245,0.0529316806196369,0.0834301454256382
1.7316057808398215,0.0213710326652035,0.0528127400291785,0.0833480896049598
1.7331973302707404,0.0214020563955381,0.05269379127133,0.0832659927647505
1.7347888797016593,0.021433951205513,0.0525748346126914,0.0831838549912683
1.7363804291325782,0.021466709386946,0.052455870320312,0.0831016763708137
1.737971978563497,0.0215003231658874,0.0523368986616939,0.0830194569897298
1.739563527994416,0.0215347847062977,0.052217919904797,0.0829371969344021
1.741155077425335,0.0215700861137006,0.0520989343180437,0.0828548962912583
1.7427466268562541,0.021606219438807,0.0519799421703229,0.0827725551467687
1.744338176287173,0.0216431766811068,0.0518609437309951,0.0826901735874454
1.745929725718092,0.021680949792426,0.051741939269897,0.0826077516998428
1.747521275149011,0.0217195306804446,0.0516229290573465,0.0825252895705574
1.74911282457993,0.0217589112121743,0.051503913364147,0.0824427872862277
1.7507043740108488,0.0217990832173908,0.0513848924615931,0.0823602449335338
1.7522959234417677,0.0218400384920206,0.051265866621475,0.0822776625991981
1.7538874728726865,0.0218817688014783,0.051146836116084,0.0821950403699843
1.7554790223036054,0.0219242658839519,0.0510278012182172,0.0821123783326981
1.7570705717345247,0.0219675214536355,0.0509087622011833,0.0820296765741865
1.7586621211654436,0.0220115272039053,0.0507897193388074,0.0819469351813382
1.7602536705963625,0.0220562748104394,0.0506706729054366,0.0818641542410836
1.7618452200272814,0.0221017559342769,0.0505516231759453,0.0817813338403938
1.7634367694582005,0.022147962224818,0.0504325704257411,0.081698474066282
1.7650283188891194,0.0221948853227604,0.05031351493077,0.0816155750058021
1.7666198683200383,0.0222425168629733,0.0501944569675221,0.0815326367460493
1.7682114177509571,0.0222908484773066,0.050075396813038,0.08144965937416
1.7698029671818765,0.0223398717973344,0.0499563347449136,0.0813666429773114
1.7713945166127953,0.0223895784570325,0.049837271041307,0.0812835876427219
1.7729860660437142,0.0224399600953882,0.0497182059809442,0.0812004934576506
1.774577615474633,0.0224910083589433,0.0495991398431249,0.0811173605093974
1.776169164905552,0.0225427149042677,0.0494800729077292,0.081034188885303
1.7777607143364709,0.0225950714003657,0.0493610054552234,0.0809509786727486
1.77935226376739,0.0226480695310125,0.0492419377666671,0.0808677299591563
1.7809438131983089,0.0227017009970221,0.0491228701237188,0.0807844428319883
1.782535362629228,0.0227559575184464,0.0490038028086432,0.0807011173787476
1.7841269120601468,0.0228108308367054,0.0488847361043174,0.0806177536869773
1.785718461491066,0.0228663127166475,0.0487656702942379,0.080534351844261
1.7873100109219848,0.0229223949485434,0.0486466056625275,0.0804509119382223
1.7889015603529037,0.0229790693500094,0.048527542493942,0.0803674340565253
1.7904931097838226,0.023036327767865,0.0484084810738776,0.0802839182868738
1.7920846592147415,0.0230941620799216,0.0482894216883778,0.0802003647170118
1.7936762086456604,0.0231525641967056,0.048170364624141,0.0801167734347233
1.7952677580765795,0.023211526063115,0.0480513101685274,0.080033144527832
1.7968593075074986,0.02327103966001,0.0479322586095669,0.0799494780842016
1.7984508569384174,0.0233310970057406,0.0478132102359666,0.0798657741917354
1.8000424063693363,0.0233916901576083,0.0476941653371186,0.0797820329383763
1.8016339558002554,0.0234528112132669,0.0475751242031074,0.079698254412107
1.8032255052311743,0.0235144523120595,0.0474560871247184,0.0796144387009496
1.8048170546620932,0.0235766056362959,0.0473370543934458,0.0795305858929656
1.806408604093012,0.0236392634124691,0.0472180263015004,0.0794466960762559
1.808000153523931,0.0237024179124128,0.0470990031418186,0.0793627693389609
1.8095917029548503,0.0237660614544015,0.0469799852080702,0.07927880576926
1.8111832523857692,0.0238301864041933,0.0468609727946673,0.079194805455372
1.812774801816688,0.0238947851760169,0.0467419661967728,0.0791107684855546
1.814366351247607,0.0239598502335046,0.0466229657103094,0.0790266949481047
1.8159579006785258,0.0240253740905712,0.0465039716319683,0.078942584931358
1.8175494501094447,0.0240913493122413,0.0463849842592187,0.0788584385236894
1.8191409995403638,0.024157768515425,0.0462660038903163,0.0787742558135123
1.8207325489712827,0.0242246243696447,0.0461470308243135,0.0786900368892792
1.8223240984022018,0.024291909597712,0.0460280653610683,0.0786057818394809
1.8239156478331207,0.0243596169763584,0.045909107801254,0.0785214907526473
1.8255071972640398,0.0244277393368194,0.0457901584463695,0.0784371637173465
1.8270987466949586,0.0244962695653739,0.0456712175987483,0.0783528008221853
1.8286902961258775,0.0245652006038396,0.0455522855615695,0.0782684021558089
1.8302818455567964,0.0246345254500263,0.0454333626388675,0.0781839678069009
1.8318733949877153,0.0247042371581477,0.0453144491355426,0.078099497864183
1.8334649444186342,0.0247743288391937,0.0451955453573715,0.0780149924164154
1.8350564938495533,0.0248447936612634,0.0450766516110178,0.0779304515523965
1.8366480432804724,0.0249156248498605,0.0449577682040434,0.0778458753609624
1.8382395927113913,0.0249868156881531,0.0448388954449189,0.0777612639309878
1.8398311421423101,0.0250583595171974,0.0447200336430354,0.0776766173513849
1.8414226915732292,0.0251302497361277,0.0446011831087153,0.0775919357111042
1.8430142410041481,0.0252024798023133,0.0444823441532244,0.0775072190991337
1.844605790435067,0.0252750432314845,0.0443635170887833,0.0774224676044995
1.8461973398659859,0.0253479335978266,0.0442447022285794,0.0773376813162652
1.8477888892969048,0.0254211445340456,0.044125899886779,0.0772528603235321
1.849380438727824,0.0254946697314047,0.0440071103785395,0.0771680047154392
1.850971988158743,0.0255685029397337,0.0438883340200222,0.0770831145811629
1.8525635375896619,0.025642637967412,0.0437695711284045,0.0769981900099172
1.8541550870205807,0.0257170686813265,0.0436508220218932,0.0769132310909534
1.8557466364514996,0.025791789006805,0.0435320870197372,0.0768282379135601
1.8573381858824187,0.0258667929275263,0.043413366442241,0.0767432105670633
1.8589297353133376,0.0259420744854078,0.0432946606107782,0.0766581491408262
1.8605212847442565,0.0260176277804723,0.0431759698478051,0.0765730537242491
1.8621128341751756,0.0260934469706938,0.0430572944768745,0.0764879244067693
1.8637043836060947,0.0261695262718234,0.04293863482265,0.0764027612778615
1.8652959330370136,0.0262458599571979,0.0428199912109205,0.0763175644270369
1.8668874824679325,0.0263224423575289,0.0427013639686143,0.076232333943844
1.8684790318988513,0.0263992678606761,0.0425827534238142,0.0761470699178679
1.8700705813297702,0.0264763309114035,0.0424641599057727,0.0760617724387305
1.871662130760689,0.0265536260111215,0.0423455837449269,0.0759764415960907
1.8732536801916082,0.0266311477176129,0.0422270252729144,0.0758910774796436
1.874845229622527,0.0267088906447461,0.0421084848225887,0.0758056801791215
1.8764367790534462,0.0267868494621749,0.0419899627280354,0.0757202497842926
1.878028328484365,0.0268650188950258,0.0418714593245886,0.0756347863849622
1.8796198779152842,0.0269433937235733,0.0417529749488474,0.0755492900709717
1.881211427346203,0.0270219687829048,0.0416345099386922,0.0754637609321988
1.882802976777122,0.0271007389625748,0.0415160646333027,0.0753781990585577
1.8843945262080408,0.0271796992062491,0.0413976393731744,0.0752926045399989
1.8859860756389597,0.0272588445113396,0.0412792345001365,0.075206977466509
1.8875776250698786,0.0273381699286318,0.0411608503573702,0.0751213179281106
1.889169174500798,0.0274176705619024,0.0410424872894263,0.0750356260148627
1.8907607239317168,0.0274973415675311,0.040924145642244,0.0749499018168602
1.8923522733626357,0.0275771781541044,0.0408058257631699,0.0748641454242338
1.8939438227935546,0.0276571755820134,0.0406875280009765,0.0747783569271503
1.8955353722244734,0.0277373291630456,0.0405692527058824,0.0746925364158124
1.8971269216553925,0.0278176342599711,0.0404510002295712,0.0746066839804585
1.8987184710863114,0.0278980862861242,0.0403327709252123,0.0745207997113628
1.9003100205172303,0.0279786807049798,0.0402145651474808,0.0744348836988351
1.9019015699481494,0.0280594130297264,0.0400963832525786,0.074348936033221
1.9034931193790685,0.0281402788228347,0.039978225598255,0.0742629568049016
1.9050846688099874,0.028221273695623,0.0398600925438286,0.0741769461042935
1.9066762182409063,0.0283023933078206,0.0397419844502086,0.0740909040218489
1.9082677676718252,0.028383633367127,0.0396239016799175,0.0740048306480553
1.909859317102744,0.02846498962877,0.0395058445971129,0.0739187260734356
1.911450866533663,0.0285464578950616,0.039387813567611,0.073832590388548
1.913042415964582,0.0286280340149523,0.0392698089589096,0.0737464236839862
1.9146339653955011,0.0287097138835842,0.0391518311402115,0.0736602260503788
1.91622551482642,0.0287914934418428,0.039033880482449,0.0735739975783897
1.9178170642573389,0.0288733686759084,0.0389159573583081,0.0734877383587179
1.919408613688258,0.0289553356168073,0.0387980621422533,0.0734014484820975
1.9210001631191769,0.0290373903399621,0.0386801952105529,0.0733151280392976
1.9225917125500958,0.029119528964743,0.038562356941305,0.0732287771211223
1.9241832619810146,0.0292017476540183,0.0384445477144631,0.0731423958184105
1.9257748114119335,0.0292840426137066,0.0383267679118631,0.073055984222036
1.9273663608428524,0.029366410092329,0.0382090179172502,0.0729695424229075
1.9289579102737717,0.0294488463805622,0.0380912981163065,0.0728830705119684
1.9305494597046906,0.0295313478107932,0.0379736088966787,0.0727965685801968
1.9321410091356095,0.0296139107566751,0.0378559506480067,0.0727100367186055
1.9337325585665284,0.0296965316326844,0.0377383237619527,0.072623475018242
1.9353241079974475,0.0297792068936798,0.0376207286322303,0.0725368835701881
1.9369156574283664,0.029861933034463,0.0375031656546347,0.0724502624655606
1.9385072068592852,0.0299447065893416,0.037385635227073,0.0723636117955103
1.9400987562902041,0.0300275241316935,0.0372681377495954,0.0722769316512227
1.9416903057211234,0.0301103822735347,0.0371506736244262,0.0721902221239176
1.9432818551520423,0.0301932776650878,0.0370332432559965,0.0721034833048492
1.9448734045829612,0.0302762069943547,0.0369158470509766,0.072016715285306
1.94646495401388,0.0303591669866907,0.0367984854183088,0.0719299181566107
1.948056503444799,0.0304421544043817,0.0366811587692419,0.0718430920101202
1.9496480528757179,0.0305251660462241,0.0365638675173649,0.0717562369372257
1.951239602306637,0.0306081987471079,0.0364466120786425,0.0716693530293525
1.9528311517375558,0.0306912493776024,0.03632939287145,0.0715824403779597
1.954422701168475,0.0307743148435447,0.0362122103166105,0.0714954990745408
1.9560142505993938,0.0308573920856324,0.0360950648374308,0.0714085292106232
1.957605800030313,0.0309404780790178,0.0359779568597396,0.0713215308777681
1.9591973494612318,0.0310235698329071,0.0358608868119252,0.0712345041675709
1.9607888988921507,0.0311066643901618,0.0357438551249746,0.0711474491716605
1.9623804483230696,0.0311897588269034,0.0356268622325131,0.0710603659817
1.9639719977539885,0.0312728502521226,0.0355099085708444,0.070973254689386
1.9655635471849073,0.0313559358072904,0.0353929945789917,0.0708861153864492
1.9671550966158264,0.031439012665974,0.0352761206987393,0.0707989481646536
1.9687466460467455,0.0315220780334556,0.0351592873746751,0.0707117531157972
1.9703381954776644,0.0316051291463548,0.0350424950542341,0.0706245303317116
1.9719297449085833,0.0316881632722547,0.034925744187742,0.0705372799042619
1.9735212943395024,0.0317711777093315,0.0348090352284602,0.0704500019253467
1.9751128437704213,0.031854169785988,0.0346923686326316,0.0703626964868985
1.9767043932013402,0.0319371368604904,0.0345757448595268,0.0702753636808828
1.978295942632259,0.0320200763206088,0.0344591643714915,0.0701880035992988
1.979887492063178,0.0321029855832619,0.034342627633995,0.0701006163341794
1.9814790414940973,0.0321858620941645,0.0342261351156785,0.0700132019775903
1.9830705909250161,0.0322687033274796,0.034109687288406,0.0699257606216311
1.984662140355935,0.0323515067854736,0.0339932846273144,0.0698382923584344
1.986253689786854,0.0324342699981754,0.033876927610866,0.0697507972801662
1.9878452392177728,0.0325169905230394,0.0337606167209006,0.0696632754790259
1.9894367886486917,0.0325996659446115,0.0336443524426898,0.0695757270472458
1.9910283380796108,0.0326822938742001,0.0335281352649917,0.0694881520770917
1.9926198875105297,0.0327648719495492,0.0334119656801065,0.0694005506608624
1.9942114369414488,0.0328473978345167,0.0332958441839332,0.06931292289089
1.9958029863723676,0.032929869218755,0.0331797712760281,0.0692252688595395
1.9973945358032867,0.0330122838173965,0.0330637474596632,0.069137588659209
1.9989860852342056,0.0330946393707419,0.0329477732418867,0.0690498823823299
2.0005776346651243,0.0331769336439524,0.0328318491335838,0.0689621501213664
2.0021691840960436,0.0332591644267457,0.0327159756495394,0.0688743919688157
2.0037607335269625,0.0333413295330953,0.0326001533085019,0.0687866080172081
2.0053522829578814,0.0334234268009335,0.0324843826332473,0.0686987983591066
2.0069438323888003,0.0335054540918585,0.0323686641506459,0.0686109630871075
2.0085353818197196,0.0335874092908438,0.0322529983917292,0.0685231022938395
2.0101269312506385,0.0336692903059524,0.0321373858917587,0.0684352160719647
2.0117184806815573,0.0337510950680538,0.0320218271902954,0.0683473045141776
2.0133100301124762,0.0338328215305448,0.0319063228312715,0.0682593677132058
2.014901579543395,0.0339144676690736,0.0317908733630628,0.0681714057618096
2.016493128974314,0.033996031481267,0.0316754793385624,0.0680834187527821
2.018084678405233,0.0340775109864621,0.0315601413152568,0.067995406778949
2.0196762278361517,0.0341589042254398,0.0314448598553022,0.067907369933169
2.021267777267071,0.0342402092601631,0.0313296355256031,0.0678193083083333
2.02285932669799,0.0343214241735181,0.0312144688978925,0.0677312219973659
2.024450876128909,0.0344025470690577,0.0310993605488129,0.0676431110932236
2.0260424255598277,0.0344835760707501,0.0309843110599997,0.0675549756888956
2.0276339749907466,0.0345645093227289,0.0308693210181659,0.0674668158774038
2.0292255244216655,0.0346453449890476,0.0307543910151884,0.067378631751803
2.0308170738525844,0.0347260812534364,0.0306395216481962,0.0672904234051802
2.0324086232835032,0.0348067163190629,0.03052471351966,0.0672021909306552
2.0340001727144226,0.0348872484082957,0.0304099672374843,0.0671139344213805
2.0355917221453415,0.0349676757624704,0.0302952834151003,0.067025653970541
2.0371832715762603,0.03504799664166,0.0301806626715616,0.0669373496713542
2.038774821007179,0.035128209324447,0.0300661056316411,0.0668490216170701
2.0403663704380985,0.0352083121076993,0.0299516129259305,0.0667606699009713
2.0419579198690174,0.0352883033063488,0.0298371851909411,0.0666722946163728
2.0435494692999363,0.0353681812531729,0.0297228230692071,0.0665838958566224
2.045141018730855,0.0354479442985793,0.0296085272093911,0.0664954737150999
2.046732568161774,0.0355275908103927,0.0294942982663911,0.0664070282852182
2.0483241175926934,0.0356071191736457,0.0293801369014502,0.0663185596604221
2.0499156670236123,0.0356865277903714,0.0292660437822687,0.0662300679341892
2.051507216454531,0.035765815079399,0.0291520195831177,0.0661415532000297
2.05309876588545,0.0358449794761528,0.0290380649849557,0.0660530155514858
2.054690315316369,0.035924019432453,0.0289241806755474,0.0659644550821327
2.056281864747288,0.03600293341632,0.0288103673495847,0.0658758718855775
2.0578734141782067,0.0360817199117805,0.0286966257088109,0.0657872660554603
2.0594649636091256,0.0361603774186771,0.0285829564621463,0.0656986376854531
2.061056513040045,0.0362389044524798,0.0284693603258174,0.0656099868692608
2.0626480624709638,0.0363172995441003,0.0283558380234885,0.0655213137006206
2.0642396119018827,0.0363955612397092,0.0282423902863957,0.0654326182733021
2.0658311613328015,0.0364736881005549,0.028129017853484,0.0653439006811073
2.0674227107637204,0.0365516787027857,0.0280157214715474,0.0652551610178708
2.0690142601946393,0.0366295316372741,0.0279025018953713,0.0651663993774594
2.070605809625558,0.036707245509443,0.0277893598878787,0.0650776158537727
2.0721973590564775,0.0367848189390952,0.0276762962202788,0.0649888105407425
2.0737889084873964,0.0368622505602447,0.027563311672219,0.0648999835323332
2.0753804579183153,0.03693953902095,0.0274504070319403,0.0648111349225415
2.076972007349234,0.0370166829831506,0.0273375830964354,0.0647222648053967
2.078563556780153,0.0370936811225047,0.0272248406716109,0.0646333732749607
2.0801551062110724,0.0371705321282301,0.0271121805724522,0.0645444604253276
2.0817466556419912,0.0372472347029465,0.0269996036231925,0.0644555263506243
2.08333820507291,0.0373237875625205,0.026887110657485,0.0643665711450101
2.084929754503829,0.0374001894359124,0.0267747025185792,0.0642775949026766
2.086521303934748,0.0374764390650255,0.0266623800595002,0.0641885977178484
2.088112853365667,0.0375525352045569,0.0265501441432328,0.0640995796847822
2.089704402796586,0.0376284766218511,0.0264379956429089,0.0640105408977676
2.091295952227505,0.0377042620967548,0.0263259354419992,0.0639214814511265
2.092887501658424,0.0377798904214744,0.026213964434509,0.0638324014392137
2.0944790510893427,0.0378553604004353,0.0261020835251782,0.0637433009564164
2.0960706005202616,0.0379306708501426,0.0259902936296854,0.0636541800971544
2.0976621499511805,0.0380058205990447,0.025878595674857,0.0635650389558804
2.0992536993820994,0.0380808084873981,0.0257669905988804,0.0634758776270794
2.1008452488130187,0.0381556333671339,0.0256554793515221,0.0633866962052696
2.1024367982439376,0.0382302941017269,0.02554406289435,0.0632974947850014
2.1040283476748565,0.0383047895660659,0.0254327422009617,0.0632082734608583
2.1056198971057754,0.0383791186463264,0.0253215182572164,0.0631190323274564
2.1072114465366942,0.0384532802398437,0.0252103920614731,0.0630297714794446
2.108802995967613,0.0385272732549898,0.0250993646248333,0.0629404910115048
2.110394545398532,0.0386010966110503,0.0249884369713894,0.0628511910183514
2.1119860948294513,0.0386747492381037,0.0248776101384786,0.062761871594732
2.11357764426037,0.0387482300769026,0.024766885176942,0.062672532835427
2.115169193691289,0.0388215380787557,0.0246562631513902,0.0625831748352497
2.116760743122208,0.0388946722054127,0.0245457451404738,0.0624937976890463
2.1183522925531273,0.0389676314289492,0.0244353322371614,0.0624044014916963
2.119943841984046,0.039040414731655,0.0243250255490218,0.0623149863381119
2.121535391414965,0.0391130211059223,0.0242148261985144,0.0622255523232385
2.123126940845884,0.0391854495541365,0.0241047353232849,0.0621360995420548
2.124718490276803,0.039257699088568,0.0239947540764685,0.0620466280895724
2.1263100397077217,0.0393297687312658,0.0238848836269986,0.0619571380608361
2.127901589138641,0.0394016575139524,0.0237751251599243,0.0618676295509241
2.12949313856956,0.0394733644779202,0.0236654798767332,0.0617781026549478
2.131084688000479,0.0395448886739293,0.0235559489956829,0.0616885574680519
2.1326762374313977,0.0396162291621067,0.023446533752139,0.0615989940854145
2.1342677868623166,0.0396873850118468,0.0233372353989215,0.061509412602247
2.1358593362932354,0.0397583553017139,0.0232280552066583,0.0614198131137944
2.1374508857241543,0.0398291391193449,0.0231189944641477,0.0613301957153352
2.139042435155073,0.0398997355613544,0.0230100544787282,0.0612405605021813
2.1406339845859925,0.0399701437332406,0.0229012365766569,0.0611509075696783
2.1422255340169114,0.0400403627492923,0.0227925421034975,0.0610612370132057
2.1438170834478303,0.0401103917324979,0.0226839724245154,0.0609715489281763
2.145408632878749,0.0401802298144551,0.0225755289250834,0.0608818434100369
2.147000182309668,0.0402498761352817,0.0224672130110959,0.0607921205542681
2.148591731740587,0.0403193298435282,0.0223590261093928,0.0607023804563844
2.1501832811715063,0.040388590096091,0.0222509696681931,0.0606126232119343
2.151774830602425,0.0404576560581272,0.0221430451575381,0.0605228489165001
2.153366380033344,0.0405265269029706,0.0220352540697454,0.0604330576656983
2.154957929464263,0.0405952018120484,0.0219275979198731,0.0603432495551797
2.156549478895182,0.0406636799747995,0.0218200782461942,0.060253424680629
2.158141028326101,0.0407319605885936,0.0217126966106826,0.0601635831377653
2.15973257775702,0.0408000428586519,0.0216054545995098,0.0600737250223422
2.161324127187939,0.040867925997968,0.0214983538235534,0.0599838504301474
2.1629156766188578,0.0409356092272309,0.0213913959189171,0.0598939594570033
2.1645072260497766,0.0410030917747481,0.0212845825474627,0.0598040521987667
2.1660987754806955,0.0410703728763707,0.0211779153973542,0.0597141287513293
2.167690324911615,0.0411374517754188,0.0210713961836153,0.059624189210617
2.1692818743425337,0.0412043277226079,0.0209650266486983,0.0595342336725911
2.1708734237734526,0.0412709999759769,0.0208588085630677,0.0594442622332473
2.1724649732043715,0.0413374678008166,0.0207527437257958,0.0593542749886164
2.1740565226352904,0.0414037304695992,0.0206468339651735,0.0592642720347643
2.1756480720662092,0.041469787261909,0.0205410811393339,0.0591742534677919
2.177239621497128,0.0415356374643737,0.0204354871368911,0.0590842193838353
2.178831170928047,0.0416012803705968,0.0203300538775931,0.0589941698790659
2.1804227203589663,0.0416667152810913,0.0202247833129907,0.0589041050496906
2.182014269789885,0.0417319415032133,0.0201196774271207,0.0588140249919515
2.183605819220804,0.0417969583510976,0.0200147382372055,0.0587239298021266
2.185197368651723,0.0418617651455935,0.0199099677943684,0.0586338195765293
2.186788918082642,0.0419263612142015,0.0198053681843657,0.0585436944115088
2.1883804675135607,0.0419907458910113,0.0197009415283353,0.0584535544034503
2.18997201694448,0.0420549185166401,0.0195966899835626,0.0583633996487747
2.191563566375399,0.0421188784381718,0.0194926157442638,0.0582732302439391
2.193155115806318,0.0421826250090977,0.0193887210423869,0.0581830462854369
2.1947466652372367,0.0422461575892568,0.0192850081484315,0.0580928478697975
2.196338214668156,0.042309475544778,0.0191814793722868,0.0580026350935869
2.197929764099075,0.0423725782480224,0.0190781370640883,0.0579124080534074
2.199521313529994,0.0424354650775268,0.018974983615095,0.057822166845898
2.2011128629609127,0.0424981354179474,0.0188720214585851,0.0577319115677344
2.2027044123918316,0.042560588660005,0.0187692530707727,0.0576416423156292
2.2042959618227504,0.0426228242004302,0.0186666809717447,0.0575513591863318
2.2058875112536693,0.0426848414419098,0.0185643077264189,0.0574610622766288
2.2074790606845887,0.0427466397930337,0.0184621359455231,0.0573707516833438
2.2090706101155075,0.0428082186682425,0.0183601682865963,0.0572804275033381
2.2106621595464264,0.0428695774877761,0.0182584074550116,0.05719008983351
2.2122537089773453,0.0429307156776225,0.0181568562050223,0.0570997387707957
2.213845258408264,0.0429916326694673,0.01805551734083,0.0570093744121689
2.215436807839183,0.0430523279006447,0.0179543937176768,0.0569189968546412
2.217028357270102,0.0431128008140879,0.0178534882429606,0.0568286061952623
2.218619906701021,0.0431730508582811,0.0177528038773747,0.0567382025311197
2.22021145613194,0.0432330774872116,0.0176523436360718,0.0566477859593396
2.221803005562859,0.0432928801603228,0.0175521105898527,0.0565573565770861
2.223394554993778,0.0433524583424679,0.01745210786638,0.0564669144815622
2.224986104424697,0.0434118115038636,0.0173523386514173,0.0563764597700095
2.2265776538556157,0.0434709391200455,0.0172528061900945,0.0562859925397083
2.228169203286535,0.0435298406718227,0.0171535137881986,0.0561955128879781
2.229760752717454,0.0435885156452342,0.0170544648134914,0.0561050209121774
2.2313523021483728,0.0436469635315052,0.0169556626970533,0.056014516709704
2.2329438515792916,0.0437051838270044,0.0168571109346545,0.0559240003779951
2.2345354010102105,0.0437631760332009,0.0167588130881534,0.0558334720145277
2.23612695044113,0.0438209396566234,0.0166607727869216,0.0557429317168186
2.2377184998720487,0.043878474208818,0.0165629937292971,0.0556523795824243
2.2393100493029676,0.0439357792063078,0.0164654796840653,0.0555618157089415
2.2409015987338865,0.0439928541705527,0.0163682344919669,0.0554712401940075
2.2424931481648054,0.0440496986279094,0.0162712620672348,0.0553806531352996
2.2440846975957243,0.0441063121095926,0.016174566399158,0.055290054630536
2.245676247026643,0.0441626941516357,0.0160781515536739,0.0551994447774758
2.2472677964575625,0.0442188442948533,0.0159820216749881,0.0551088236739188
2.2488593458884814,0.0442747620848026,0.0158861809872226,0.0550181914177065
2.2504508953194002,0.0443304470717471,0.0157906337960907,0.0549275481067213
2.252042444750319,0.044385898810619,0.0156953844905998,0.0548368938388874
2.253633994181238,0.0444411168609834,0.0156004375447812,0.0547462287121706
2.255225543612157,0.0444961007870022,0.0155057975194466,0.054655552824579
2.2568170930430758,0.0445508501573988,0.015411469063971,0.0545648662741625
2.2584086424739946,0.0446053645454231,0.0153174569181007,0.0544741691590136
2.260000191904914,0.0446596435288171,0.0152237659137876,0.0543834615772672
2.261591741335833,0.0447136866897808,0.015130400977047,0.0542927436271013
2.2631832907667517,0.0447674936149385,0.0150373671298393,0.0542020154067365
2.2647748401976706,0.0448210638953055,0.0149446694919747,0.0541112770144369
2.2663663896285895,0.0448743971262555,0.0148523132830393,0.0540205285485099
2.267957939059509,0.0449274929074882,0.0147603038243417,0.0539297701073065
2.2695494884904277,0.0449803508429972,0.0146686465408792,0.0538390017892218
2.2711410379213466,0.0450329705410384,0.0145773469633215,0.0537482236926947
2.2727325873522655,0.045085351614099,0.0144864107300106,0.0536574359162087
2.274324136783185,0.0451374936788666,0.0143958435889757,0.0535666385582919
2.2759156862141037,0.0451893963561987,0.0143056513999598,0.0534758317175168
2.2775072356450226,0.0452410592710927,0.0142158401364575,0.0533850154925015
2.2790987850759414,0.0452924820526565,0.0141264158877607,0.053294189981909
2.2806903345068603,0.0453436643340787,0.01403738486101,0.053203355284448
2.282281883937779,0.0453946057526003,0.0139487533832489,0.053112511498873
2.283873433368698,0.0454453059494856,0.0138605279034782,0.0530216587239845
2.285464982799617,0.045495764569994,0.0137727149947073,0.0529307970586294
2.2870565322305363,0.0455459812633526,0.0136853213559985,0.052839926601701
2.288648081661455,0.0455959556827281,0.0135983538145014,0.0527490474521396
2.290239631092374,0.0456456874852002,0.0135118193274729,0.0526581597089327
2.291831180523293,0.045695176331734,0.0134257249842781,0.0525672634711149
2.293422729954212,0.0457444218871541,0.0133400780083688,0.0524763588377687
2.2950142793851307,0.0457934238201182,0.0132548857592333,0.0523854459080243
2.2966058288160496,0.0458421818030911,0.0131701557343129,0.0522945247810606
2.2981973782469685,0.0458906955123191,0.0130858955708799,0.0522035955561044
2.299788927677888,0.0459389646278051,0.0130021130478697,0.0521126583324318
2.3013804771088067,0.045986988833283,0.0129188160876626,0.0520217132093679
2.3029720265397255,0.0460347678161938,0.0128360127578064,0.051930760286287
2.3045635759706444,0.0460823012676607,0.012753711272675,0.0518397996626133
2.3061551254015638,0.0461295888824651,0.0126719199950529,0.0517488314378211
2.3077466748324826,0.0461766303590232,0.0125906474376393,0.051657855711435
2.3093382242634015,0.0462234253993619,0.0125099022644632,0.05156687258303
2.3109297736943204,0.0462699737090962,0.0124296932921993,0.0514758821522324
2.3125213231252393,0.0463162749974059,0.0123500294913767,0.0513848845187197
2.3141128725561586,0.0463623289770131,0.0122709199874693,0.0512938797822211
2.3157044219870775,0.0464081353641596,0.0121923740618591,0.0512028680425177
2.3172959714179964,0.0464536938785853,0.012114401152659,0.051111849399443
2.3188875208489153,0.0464990042435055,0.0120370108553863,0.0510208239528831
2.320479070279834,0.0465440661855902,0.0119602129234734,0.0509297918027771
2.322070619710753,0.0465888794349421,0.0118840172686033,0.0508387530491176
2.323662169141672,0.0466334437250761,0.0118084339608582,0.0507477077919508
2.3252537185725908,0.0466777587928977,0.0117334732286658,0.050656656131377
2.32684526800351,0.0467218243786832,0.0116591454585314,0.0505655981675511
2.328436817434429,0.0467656402260588,0.0115854611945398,0.0504745340006828
2.330028366865348,0.0468092060819806,0.0115124311376132,0.0503834637310369
2.3316199162962667,0.046852521696715,0.0114400661445091,0.0502923874589339
2.3332114657271856,0.0468955868238188,0.0113683772265426,0.0502013052847502
2.3348030151581045,0.0469384012201196,0.0112973755480177,0.0501102173089188
2.3363945645890234,0.0469809646456973,0.0112270724243497,0.0500191236319293
2.3379861140199423,0.0470232768638643,0.0111574793198636,0.0499280243543286
2.3395776634508616,0.0470653376411473,0.01108860784525,0.0498369195767212
2.3411692128817805,0.0471071467472685,0.0110204697546621,0.0497458093997694
2.3427607623126994,0.0471487039551276,0.010953076942437,0.0496546939241943
2.3443523117436182,0.0471900090407832,0.0108864414394216,0.0495635732507756
2.3459438611745376,0.0472310617834355,0.0108205754088892,0.0494724474803526
2.3475354106054565,0.047271861965408,0.0107554911420256,0.0493813167138239
2.3491269600363753,0.0473124093721307,0.0106912010529713,0.0492901810521488
2.350718509467294,0.047352703792122,0.0106277176733998,0.0491990405963467
2.3523100588982135,0.0473927450169724,0.0105650536466179,0.0491078954474987
2.3539016083291324,0.0474325328413271,0.0105032217211714,0.0490167457067469
2.3554931577600513,0.0474720670628694,0.01044223474394,0.0489255914752958
2.35708470719097,0.0475113474823045,0.0103821056527091,0.0488344328544123
2.358676256621889,0.0475503739033425,0.0103228474682028,0.0487432699454261
2.360267806052808,0.047589146132683,0.0102644732855682,0.0486521028497307
2.361859355483727,0.0476276639799987,0.0102069962652973,0.0485609316687834
2.3634509049146457,0.0476659272579198,0.0101504296235794,0.0484697565041058
2.3650424543455646,0.0477039357820183,0.0100947866220743,0.0483785774572848
2.366634003776484,0.0477416893707926,0.0100400805571009,0.0482873946299726
2.368225553207403,0.0477791878456523,0.00998632474823716,0.0481962081238875
2.3698171026383217,0.047816431030903,0.00993353252632831,0.0481050180408141
2.3714086520692406,0.0478534187537315,0.00988171722090544,0.0480138244826044
2.3730002015001594,0.0478901508441912,0.00983089214701563,0.0479226275511778
2.3745917509310783,0.047926627135187,0.0097810705914703,0.0478314273485219
2.376183300361997,0.0479628474624616,0.00973226579851982,0.0477402239766931
2.3777748497929165,0.0479988116645804,0.00968449095496624,0.0476490175378169
2.3793663992238354,0.0480345195829182,0.00963775917472881,0.0475578081340889
2.3809579486547543,0.0480699710616448,0.00959208348288059,0.0474665958677749
2.382549498085673,0.0481051659477112,0.00954747679917797,0.0473753808412118
2.3841410475165925,0.0481401040908362,0.00950395192110844,0.0472841631568082
2.3857325969475114,0.0481747853434927,0.00946152150648566,0.0471929429170446
2.3873241463784303,0.0482092095608943,0.00942019805562499,0.0471017202244748
2.388915695809349,0.0482433766009823,0.0093799938931362,0.0470104951817255
2.390507245240268,0.0482772863244126,0.0093409211493739,0.0469192678914979
2.3920987946711874,0.0483109385945427,0.00930299174159045,0.0468280384565675
2.3936903441021062,0.0483443332774188,0.00926621735483966,0.0467368069797855
2.395281893533025,0.0483774702417635,0.00923060942268317,0.0466455735640789
2.396873442963944,0.048410349358963,0.00919617910775543,0.0465543383124513
2.398464992394863,0.0484429705030549,0.00916293728224636,0.0464631013279836
2.4000565418257818,0.048475333550716,0.00913089450836382,0.0463718627138348
2.4016480912567006,0.0485074383812497,0.00910006101884163,0.0462806225732424
2.4032396406876195,0.048539284876575,0.00907044669756074,0.0461893810095235
2.4048311901185384,0.0485708729212136,0.00904206106035436,0.0460981381260749
2.4064227395494577,0.048602202402279,0.00901491323606925,0.0460068940263746
2.4080142889803766,0.0486332732094642,0.00898901194795723,0.0459156488139817
2.4096058384112955,0.0486640852350309,0.00896436549547212,0.0458244025925377
2.4111973878422144,0.0486946383737976,0.00894098173654795,0.0457331554657672
2.4127889372731333,0.0487249325231288,0.00891886807043452,0.0456419075374782
2.414380486704052,0.0487549675829237,0.00889803142116585,0.0455506589115634
2.4159720361349715,0.0487847434556049,0.00887847822173649,0.0454594096920007
2.4175635855658903,0.0488142600461082,0.00886021439905881,0.0453681599828539
2.4191551349968092,0.048843517261871,0.00884324535977273,0.0452769098882737
2.420746684427728,0.0488725150128224,0.00882757597697633,0.0451856595124984
2.422338233858647,0.0489012532113724,0.00881321057794317,0.0450944089598549
2.4239297832895663,0.0489297317724011,0.0088001529328877,0.045003158334759
2.425521332720485,0.0489579506132488,0.00878840624483655,0.0449119077417167
2.427112882151404,0.0489859096537059,0.00877797314065837,0.044820657285325
2.428704431582323,0.0490136088160021,0.0087688556632996,0.0447294070702726
2.430295981013242,0.0490410480247971,0.00876105526526818,0.0446381572013409
2.431887530444161,0.0490682272071706,0.00875457280340067,0.0445469077834047
2.43347907987508,0.0490951462926118,0.00874940853494241,0.0444556589214333
2.435070629305999,0.0491218052130106,0.00874556211496311,0.0443644107204912
2.436662178736918,0.0491482039026476,0.00874303259512374,0.0442731632857392
2.4382537281678367,0.0491743422981845,0.00874181842380328,0.0441819167224352
2.4398452775987556,0.0492002203386547,0.00874191744758695,0.0440906711359352
2.4414368270296745,0.0492258379654542,0.00874332691411013,0.043999426631694
2.4430283764605933,0.0492511951223322,0.00874604347624516,0.0439081833152667
2.4446199258915122,0.0492762917553821,0.00875006319761126,0.0438169412923092
2.4462114753224315,0.0493011278130321,0.00875538155938076,0.0437257006685793
2.4478030247533504,0.0493257032460369,0.00876199346834844,0.0436344615499378
2.4493945741842693,0.0493500180074683,0.00876989326622433,0.0435432240423495
2.450986123615188,0.0493740720527064,0.00877907474010448,0.0434519882518839
2.452577673046107,0.0493978653394316,0.00878953113406853,0.0433607542847169
2.454169222477026,0.0494213978276151,0.00880125516184802,0.0432695222471312
2.4557607719079453,0.0494446694795111,0.00881423902050468,0.0431782922455177
2.457352321338864,0.0494676802596478,0.00882847440505371,0.0430870643863766
2.458943870769783,0.0494904301348197,0.00884395252396402,0.0429958387763183
2.460535420200702,0.0495129190740787,0.00886066411546376,0.0429046155220646
2.4621269696316213,0.0495351470487265,0.00887859946457781,0.04281339473045
2.46371851906254,0.0495571140323059,0.00889774842082141,0.0427221765084227
2.465310068493459,0.0495788200005935,0.00891810041647358,0.0426309609630454
2.466901617924378,0.0496002649315909,0.00893964448535262,0.0425397482014972
2.468493167355297,0.0496214488055177,0.00896236928201644,0.0424485383310742
2.4700847167862157,0.0496423716048032,0.00898626310131066,0.042357331459191
2.471676266217135,0.0496630333140786,0.00901131389818825,0.0422661276933817
2.473267815648054,0.0496834339201699,0.00903750930772606,0.0421749271413015
2.4748593650789728,0.0497035734120897,0.00906483666526541,0.0420837299107275
2.4764509145098916,0.0497234517810302,0.00909328302660601,0.04199253610956
2.4780424639408105,0.0497430690203557,0.00912283518818517,0.0419013458458245
2.4796340133717294,0.0497624251255949,0.0091534797071773,0.0418101592276719
2.4812255628026483,0.0497815200944341,0.00918520292145161,0.0417189763633807
2.482817112233567,0.0498003539267097,0.00921799096932967,0.041627797361358
2.4844086616644865,0.049818926624401,0.00925182980908797,0.0415366223301407
2.4860002110954054,0.0498372381916236,0.00928670523815415,0.0414454513783973
2.4875917605263242,0.0498552886346218,0.00932260291195021,0.041354284614929
2.489183309957243,0.049873077961762,0.00935950836233894,0.0412631221486708
2.490774859388162,0.0498906061835258,0.00939740701563469,0.0411719640886937
2.492366408819081,0.0499078733125032,0.00943628421014311,0.0410808105442057
2.49395795825,0.0499248793633857,0.00947612521319864,0.040989661624553
2.495549507680919,0.04994162435296,0.00951691523767241,0.0408985174392221
2.497141057111838,0.0499581083001007,0.00955863945792693,0.040807378097841
2.498732606542757,0.0499743312257646,0.00960128302519785,0.0407162437101805
2.5003241559736757,0.0499902931529836,0.00964483108238645,0.0406251143861561
2.501915705404595,0.0500059941068585,0.0096892687782502,0.0405339902358296
2.503507254835514,0.0500214341145524,0.00973458128098165,0.0404428713694105
2.505098804266433,0.0500366132052849,0.00978075379116937,0.0403517578972574
2.5066903536973517,0.0500515314103252,0.00982777155413743,0.0402606499298803
2.5082819031282706,0.0500661887629865,0.00987561987166248,0.0401695475779416
2.5098734525591895,0.0500805852986193,0.00992428411307031,0.0400784509522581
2.511465001990109,0.0500947210546058,0.00997374972571602,0.0399873601638029
2.5130565514210277,0.0501085960703536,0.0100240022448537,0.0398962753237065
2.5146481008519466,0.0501222103872898,0.0100750273029045,0.0398051965432593
2.5162396502828654,0.0501355640488552,0.0101268106381319,0.0397141239339127
2.5178311997137843,0.050148657100498,0.0101793381027369,0.0396230576072815
2.519422749144703,0.0501614895896686,0.0102325956703855,0.0395319976751453
2.521014298575622,0.0501740615658136,0.0102865694431821,0.0394409442494506
2.522605848006541,0.0501863730803697,0.0103412456581047,0.0393498974423124
2.5241973974374603,0.0501984241867588,0.0103966106929179,0.0392588573660165
2.525788946868379,0.0502102149403816,0.01045265107158,0.0391678241330212
2.527380496299298,0.0502217453986128,0.0105093534691622,0.0390767978559591
2.528972045730217,0.050233015620795,0.0105667047162969,0.0389857786476395
2.530563595161136,0.0502440256682336,0.0106246918031747,0.03889476662105
2.5321551445920547,0.0502547756041912,0.0106833018831068,0.0388037618893588
2.533746694022974,0.0502652654938824,0.010742522275673,0.0387127645659166
2.535338243453893,0.0502754954044683,0.010802340469473,0.038621774764259
2.536929792884812,0.0502854654050516,0.0108627441244991,0.0385307925981082
2.5385213423157307,0.0502951755666709,0.01092372107415,0.0384398181813755
2.54011289174665,0.0503046259622959,0.0109852593269033,0.0383488516281634
2.541704441177569,0.0503138166668221,0.0110473470676636,0.0382578930527675
2.5432959906084878,0.0503227477570659,0.0111099726588058,0.0381669425696795
2.5448875400394066,0.0503314193117593,0.0111731246409293,0.0380760002935887
2.5464790894703255,0.0503398314115451,0.0112367917333403,0.0379850663393847
2.548070638901245,0.0503479841389721,0.0113009628342793,0.0378941408221596
2.5496621883321633,0.0503558775784897,0.0113656270209084,0.0378032238572108
2.5512537377630826,0.0503635118164438,0.0114307735490753,0.0377123155600428
2.552845287194001,0.050370886941071,0.0114963918528676,0.0376214160463699
2.5544368366249204,0.0503780030424949,0.0115624715439729,0.0375305254321189
2.556028386055839,0.0503848602127206,0.0116290024108574,0.0374396438334314
2.557619935486758,0.0503914585456304,0.0116959744177779,0.0373487713666664
2.5592114849176775,0.0503977981369788,0.0117633777036376,0.0372579081484028
2.560803034348596,0.0504038790843883,0.0118312025807004,0.0371670542954423
2.5623945837795152,0.0504097014873446,0.011899439533174,0.0370762099248117
2.5639861332104337,0.0504152654471922,0.0119680792156724,0.0369853751537659
2.565577682641353,0.0504205710671296,0.0120371124515703,0.0368945500997907
2.567169232072272,0.0504256184522054,0.0121065302312572,0.0368037348806053
2.5687607815031908,0.0504304077093133,0.0121763237103026,0.0367129296141652
2.5703523309341096,0.0504349389471882,0.0122464842075397,0.0366221344186652
2.571943880365029,0.0504392122764015,0.0123170032030781,0.0365313494125424
2.573535429795948,0.0504432278093571,0.0123878723362517,0.0364405747144787
2.5751269792268667,0.050446985660287,0.0124590834035101,0.0363498104434044
2.5767185286577856,0.050450485945247,0.0125306283562616,0.0362590567185008
2.5783100780887045,0.0504537287821126,0.0126024992986725,0.0361683136592035
2.579901627519624,0.0504567142905752,0.0126746884854314,0.0360775813852053
2.5814931769505423,0.050459442592137,0.0127471883194824,0.0359868600164597
2.5830847263814616,0.0504619138101082,0.0128199913497342,0.0358961496731837
2.5846762758123805,0.0504641280696018,0.0128930902687489,0.0358054504758618
2.5862678252432993,0.0504660854975306,0.012966477910417,0.0357147625452484
2.5878593746742187,0.0504677862226022,0.0130401472476215,0.0356240860023717
2.589450924105137,0.050469230375316,0.0131140913898962,0.0355334209685373
2.5910424735360564,0.0504704180879587,0.013188303581082,0.0354427675653311
2.592634022966975,0.0504713494946007,0.0132627771969841,0.0353521259146232
2.594225572397894,0.0504720247310921,0.0133375057430346,0.0352614961385714
2.5958171218288126,0.050472443935059,0.013412482851962,0.0351708783596249
2.597408671259732,0.0504726072458996,0.0134877022814724,0.035080272700528
2.5990002206906513,0.0504725148047807,0.0135631579119427,0.0349896792843233
2.6005917701215697,0.0504721667546337,0.0136388437441298,0.0348990982343565
2.602183319552489,0.0504715632401511,0.0137147538968978,0.0348085296742793
2.6037748689834075,0.0504707044077828,0.0137908826049638,0.0347179737280539
2.605366418414327,0.0504695904057327,0.0138672242166662,0.0346274305199566
2.6069579678452457,0.0504682213839544,0.0139437731917547,0.0345369001745821
2.6085495172761646,0.0504665974941487,0.0140205240992061,0.0344463828168475
2.6101410667070835,0.0504647188897593,0.014097471615064,0.0343558785719964
2.611732616138003,0.0504625857259695,0.0141746105203072,0.0342653875656031
2.6133241655689217,0.0504601981596988,0.0142519356987442,0.0341749099235769
2.6149157149998405,0.0504575563495995,0.0143294421349372,0.0340844457721667
2.6165072644307594,0.0504546604560533,0.0144071249121558,0.033993995237965
2.6180988138616783,0.0504515106411676,0.0144849792103597,0.0339035584479125
2.6196903632925976,0.0504481070687728,0.0145630003042133,0.0338131355293029
2.621281912723516,0.0504444499044183,0.0146411835611302,0.0337227266097873
2.6228734621544354,0.0504405393153696,0.0147195244393503,0.0336323318173787
2.6244650115853547,0.0504363754706052,0.0147980184860478,0.0335419512804572
2.626056561016273,0.0504319585408126,0.0148766613354713,0.0334515851277747
2.6276481104471925,0.0504272886983863,0.0149554487071169,0.0333612334884595
2.629239659878111,0.0504223661174233,0.0150343764039319,0.0332708964920218
2.6308312093090302,0.0504171909737211,0.0151134403105526,0.0331805742683582
2.6324227587399487,0.0504117634447739,0.0151926363915724,0.0330902669477574
2.634014308170868,0.0504060837097697,0.0152719606898441,0.0329999746609049
2.6356058576017865,0.0504001519495872,0.0153514093248124,0.0329096975388888
2.6371974070327058,0.0503939683467928,0.0154309784908792,0.0328194357132051
2.638788956463625,0.0503875330856378,0.0155106644558006,0.0327291893157627
2.6403805058945435,0.0503808463520548,0.015590463559115,0.0326389584788895
2.641972055325463,0.0503739083336555,0.0156703722106025,0.0325487433353379
2.6435636047563817,0.0503667192197272,0.0157503868887754,0.0324585440182906
2.6451551541873006,0.0503592792012303,0.0158305041393986,0.032368360661366
2.6467467036182195,0.0503515884707951,0.0159107205740414,0.0322781933986251
2.6483382530491384,0.050343647222719,0.0159910328686577,0.0321880423645762
2.6499298024800573,0.050335455652964,0.0160714377621971,0.0320979076941823
2.6515213519109766,0.0503270139591533,0.0161519320552443,0.0320077895228664
2.6531129013418955,0.0503183223405691,0.0162325126086873,0.0319176879865185
2.6547044507728144,0.0503093809981498,0.0163131763424139,0.0318276032215014
2.6562960002037332,0.0503001901344866,0.0163939202340366,0.0317375353646576
2.657887549634652,0.0502907499538217,0.0164747413176439,0.031647484553316
2.6594790990655715,0.0502810606620451,0.0165556366825796,0.0315574509252983
2.66107064849649,0.0502711224666919,0.0166366034722481,0.0314674346189263
2.662662197927409,0.0502609355769402,0.0167176388829456,0.0313774357730282
2.6642537473583285,0.0502505002036078,0.0167987401627178,0.0312874545269464
2.665845296789247,0.0502398165591501,0.0168799046102418,0.0311974910205445
2.6674368462201663,0.0502288848576573,0.0169611295737331,0.0311075453942142
2.6690283956510847,0.0502177053148522,0.0170424124498772,0.0310176177888831
2.670619945082004,0.0502062781480872,0.0171237506827847,0.0309277083460221
2.6722114945129225,0.0501946035763423,0.0172051417629692,0.0308378172076536
2.673803043943842,0.0501826818202224,0.0172865832263492,0.0307479445163582
2.6753945933747607,0.0501705131019547,0.0173680726532719,0.0306580904152838
2.6769861428056796,0.0501580976453866,0.0174496076675584,0.030568255048153
2.678577692236599,0.0501454356759835,0.0175311859355716,0.0304784385592715
2.6801692416675174,0.0501325274208256,0.0176128051653042,0.0303886410935364
2.6817607910984367,0.0501193731086065,0.0176944631054882,0.0302988627964447
2.6833523405293556,0.0501059729696303,0.0177761575447237,0.0302091038141021
2.6849438899602744,0.0500923272358096,0.0178578863106281,0.0301193642932314
2.6865354393911933,0.050078436140663,0.0179396472690049,0.0300296443811816
2.688126988822112,0.0500642999193131,0.0180214383230309,0.0299399442259373
2.689718538253031,0.050049918808484,0.0181032574124618,0.0298502639761274
2.6913100876839504,0.0500352930464995,0.0181851025128571,0.0297606037810346
2.6929016371148693,0.0500204228732804,0.0182669716348212,0.0296709637906053
2.694493186545788,0.0500053085303429,0.018348862823263,0.0295813441554591
2.6960847359767075,0.0499899502607958,0.018430774156672,0.0294917450268984
2.697676285407626,0.0499743483093391,0.0185127037464109,0.0294021665569188
2.6992678348385453,0.0499585029222616,0.0185946497360246,0.0293126088982193
2.7008593842694637,0.0499424143474386,0.0186766103005649,0.0292230722042126
2.702450933700383,0.0499260828343303,0.0187585836459311,0.0291335566290354
2.7040424831313024,0.0499095086339794,0.0188405680082249,0.0290440623275599
2.705634032562221,0.0498926919990096,0.0189225616531206,0.028954589455404
2.70722558199314,0.0498756331836228,0.0190045628752502,0.0288651381689427
2.7088171314240586,0.0498583324435982,0.0190865699976012,0.0287757086253198
2.710408680854978,0.0498407900362893,0.0191685813709301,0.0286863009824587
2.7120002302858963,0.049823006220623,0.0192505953731872,0.0285969153990749
2.7135917797168156,0.0498049812570969,0.0193326104089565,0.0285075520346873
2.7151833291477345,0.049786715407778,0.0194146249089073,0.0284182110496309
2.7167748785786534,0.0497682089363005,0.0194966373292582,0.0283288926050688
2.7183664280095727,0.0497494621078641,0.0195786461512545,0.0282395968630049
2.719957977440491,0.0497304751892323,0.019660649880656,0.0281503239862969
2.7215495268714105,0.0497112484487307,0.0197426470472377,0.028061074138669
2.7231410763023294,0.0496917821562448,0.0198246362043012,0.0279718474847257
2.7247326257332483,0.0496720765832189,0.0199066159281979,0.0278826441899645
2.726324175164167,0.0496521320026539,0.0199885848178617,0.0277934644207907
2.7279157245950865,0.0496319486891057,0.0200705414943541,0.0277043083445306
2.7295072740260053,0.0496115269186841,0.0201524846004181,0.027615176129446
2.7310988234569242,0.0495908669690501,0.0202344128000432,0.0275260679447492
2.732690372887843,0.0495699691194153,0.0203163247780397,0.0274369839606167
2.734281922318762,0.0495488336505398,0.0203982192396229,0.0273479243482057
2.7358734717496813,0.0495274608447307,0.0204800949100064,0.0272588892796683
2.7374650211805998,0.0495058509858407,0.0205619505340048,0.0271698789281675
2.739056570611519,0.0494840043592662,0.0206437848756457,0.0270808934678933
2.7406481200424375,0.0494619212519464,0.0207255967177894,0.0269919330740787
2.742239669473357,0.0494396019523612,0.0208073848617583,0.0269029979230162
2.743831218904276,0.0494170467505303,0.0208891481269736,0.0268140881920747
2.7454227683351946,0.0493942559380111,0.0209708853506009,0.0267252040597167
2.747014317766114,0.0493712298078981,0.0210525953872036,0.0266363457055155
2.7486058671970324,0.0493479686548208,0.0211342771084032,0.0265475133101733
2.7501974166279517,0.0493244727749429,0.0212159294025487,0.026458707055539
2.75178896605887,0.0493007424659603,0.0212975511743916,0.0263699271246269
2.7533805154897895,0.0492767780271005,0.0213791413447696,0.0262811737016353
2.7549720649207083,0.0492525797591209,0.0214606988502963,0.0261924469719659
2.7565636143516272,0.0492281479643075,0.0215422226430587,0.026103747122243
2.7581551637825465,0.0492034829464738,0.0216237116903202,0.0260150743403337
2.759746713213465,0.0491785850109595,0.021705164974231,0.0259264288153681
2.7613382626443843,0.0491534544646294,0.0217865814915448,0.0258378107377597
2.762929812075303,0.049128091615872,0.0218679602533416,0.0257492202992269
2.764521361506222,0.0491024967745985,0.0219493002847562,0.0256606576928142
2.766112910937141,0.0490766702522418,0.0220306006247135,0.025572123112914
2.7677044603680603,0.0490506123617549,0.0221118603256685,0.0254836167552892
2.769296009798979,0.0490243234176105,0.022193078453353,0.0253951388170956
2.770887559229898,0.0489978037357994,0.0222742540865271,0.0253066894969056
2.772479108660817,0.0489710536338296,0.0223553863167363,0.0252182689947311
2.774070658091736,0.0489440734307255,0.022436474248074,0.0251298775120482
2.775662207522655,0.0489168634470264,0.0225175169969492,0.0250415152518216
2.7772537569535736,0.0488894240047863,0.0225985136918584,0.0249531824185296
2.778845306384493,0.0488617554275721,0.022679463473164,0.0248648792181896
2.7804368558154113,0.0488338580404634,0.0227603654928754,0.0247766058583846
2.7820284052463307,0.0488057321700512,0.0228412189144369,0.0246883625482891
2.78361995467725,0.048777378144437,0.0229220229125186,0.0246001494986967
2.7852115041081684,0.0487487962932323,0.0230027766728121,0.0245119669220478
2.7868030535390877,0.0487199869475575,0.0230834793918315,0.0244238150324573
2.788394602970006,0.048690950440041,0.023164130276717,0.0243356940457439
2.7899861524009255,0.0486616871048189,0.0232447285450441,0.0242476041794593
2.791577701831844,0.0486321972775336,0.023325273424636,0.0241595456529182
2.7931692512627633,0.0486024812953337,0.0234057641533805,0.0240715186872286
2.794760800693682,0.0485725394968729,0.0234861999790502,0.0239835235053236
2.796352350124601,0.0485423722223096,0.0235665801591269,0.0238955603319923
2.7979438995555204,0.0485119798133058,0.0236469039606295,0.0238076293939133
2.7995354489864392,0.0484813626130271,0.0237271706599456,0.0237197309196872
2.801126998417358,0.0484505209661417,0.0238073795426666,0.0236318651398704
2.802718547848277,0.0484194552188199,0.0238875299034261,0.0235440322870102
2.804310097279196,0.0483881657187336,0.0239676210457417,0.0234562325956794
2.8059016467101148,0.0483566528150559,0.0240476522818603,0.0233684663025127
2.807493196141034,0.0483249168584602,0.0241276229326064,0.0232807336462433
2.809084745571953,0.0482929582011203,0.0242075323272335,0.0231930348677403
2.810676295002872,0.0482607771967095,0.0242873798032784,0.0231053702100475
2.8122678444337907,0.0482283742004005,0.0243671647064194,0.0230177399184216
2.8138593938647096,0.048195749568865,0.0244468863903359,0.022930144240373
2.815450943295629,0.0481629036602729,0.0245265442165722,0.0228425834257061
2.8170424927265474,0.0481298368342927,0.0246061375544035,0.0227550577265612
2.8186340421574667,0.0480965494520905,0.0246856657807045,0.0226675673974566
2.820225591588385,0.0480630418763302,0.024765128279821,0.0225801126953329
2.8218171410193045,0.0480293144711732,0.0248445244434441,0.0224926938795961
2.823408690450224,0.0479953676022779,0.0249238536704865,0.0224053112121644
2.8250002398811422,0.0479612016367999,0.0250031153669616,0.0223179649575132
2.8265917893120616,0.0479268169433915,0.0250823089458657,0.0222306553827234
2.82818333874298,0.0478922138922017,0.0251614338270608,0.0221433827575291
2.8297748881738993,0.0478573928548763,0.0252404894371618,0.0220561473543674
2.831366437604818,0.0478223542045574,0.0253194752094243,0.0219689494484286
2.832957987035737,0.0477870983158839,0.0253983905836358,0.0218817893177082
2.834549536466656,0.047751625564991,0.0254772350060082,0.0217946672430589
2.836141085897575,0.0477159363295105,0.0255560079290734,0.0217075835082453
2.837732635328494,0.0476800309885707,0.0256347088115795,0.0216205383999987
2.839324184759413,0.0476439099227966,0.0257133371183908,0.0215335322080731
2.840915734190332,0.04760757351431,0.0257918923203882,0.0214465652253033
2.842507283621251,0.0475710221467296,0.0258703738943729,0.0213596377476632
2.8440988330521697,0.047534256205171,0.0259487813229706,0.0212727500743265
2.8456903824830886,0.0474972760762473,0.026027114094539,0.0211859025077281
2.847281931914008,0.047460082148069,0.0261053717030761,0.0210990953536266
2.848873481344927,0.0474226748102445,0.0261835536481304,0.0210123289211695
2.8504650307758457,0.0473850544538802,0.0262616594347132,0.0209256035229581
2.852056580206765,0.0473472214715809,0.0263396885732129,0.0208389194751155
2.8536481296376834,0.0473091762574501,0.0264176405793094,0.0207522770973552
2.8552396790686028,0.0472709192070907,0.0264955149738925,0.0206656767130515
2.856831228499521,0.047232450717605,0.0265733112829794,0.0205791186493117
2.8584227779304405,0.0471937711875956,0.0266510290376361,0.0204926032370499
2.860014327361359,0.0471548810171656,0.0267286677738983,0.0204061308110623
2.8616058767922783,0.0471157806079189,0.026806227032695,0.0203197017101044
2.8631974262231976,0.0470764703629616,0.0268837063597734,0.02023331627697
2.864788975654116,0.0470369506869017,0.0269611053056248,0.0201469748585724
2.8663805250850354,0.0469972219858503,0.0270384234254127,0.0200606778060268
2.867972074515954,0.046957284667422,0.0271156602789007,0.019974425474735
2.869563623946873,0.0469171391407358,0.0271928154303839,0.0198882182244726
2.871155173377792,0.0468767858164155,0.0272698884486199,0.019802056419477
2.872746722808711,0.0468362251065912,0.0273468789067615,0.0197159404285391
2.87433827223963,0.0467954574248991,0.0274237863822916,0.019629870625096
2.8759298216705487,0.0467544831864833,0.0275006104569575,0.0195438473873261
2.877521371101468,0.046713302807996,0.0275773507167082,0.0194578710982473
2.879112920532387,0.0466719167075991,0.0276540067516321,0.0193719421458164
2.8807044699633058,0.0466303253049643,0.0277305781558955,0.0192860609230316
2.8822960193942246,0.0465885290212751,0.0278070645276827,0.0192002278280378
2.883887568825144,0.0465465282792269,0.0278834654691376,0.0191144432642334
2.8854791182560624,0.0465043235030289,0.0279597805863052,0.0190287076403808
2.8870706676869817,0.0464619151184044,0.0280360094890755,0.0189430213707192
2.8886622171179006,0.046419303552593,0.0281121517911272,0.0188573848750797
2.8902537665488195,0.0463764892343508,0.0281882071098734,0.0187717985790043
2.891845315979739,0.046333472593952,0.0282641750664081,0.0186862629138666
2.8934368654106573,0.0462902540631907,0.0283400552854527,0.018600778316997
2.8950284148415766,0.0462468340753813,0.0284158473953052,0.0185153452318094
2.896619964272495,0.0462032130653606,0.0284915510277888,0.0184299641079322
2.8982115137034143,0.0461593914694889,0.0285671658182021,0.0183446354013422
2.899803063134333,0.0461153697256516,0.02864269140527,0.0182593595745021
2.901394612565252,0.0460711482732604,0.0287181274310958,0.0181741370965013
2.9029861619961714,0.0460267275532553,0.0287934735411139,0.0180889684432001
2.90457771142709,0.0459821080081057,0.0288687293840431,0.0180038540973778
2.906169260858009,0.0459372900818125,0.0289438946118415,0.0179187945488848
2.9077608102889276,0.0458922742199093,0.0290189688796609,0.0178337902947984
2.909352359719847,0.0458470608694645,0.0290939518458039,0.0177488418395822
2.910943909150766,0.0458016504790831,0.0291688431716796,0.0176639496952506
2.9125354585816847,0.0457560434989079,0.0292436425217621,0.0175791143815364
2.9141270080126036,0.0457102403806222,0.0293183495635479,0.0174943364260637
2.915718557443523,0.0456642415774511,0.0293929639675157,0.0174096163645251
2.917310106874442,0.0456180475441637,0.0294674854070857,0.017324954740863
2.9189016563053607,0.0455716587370752,0.0295419135585801,0.0172403521074564
2.9204932057362796,0.0455250756140485,0.0296162481011846,0.0171558090253123
2.9220847551671985,0.045478298634497,0.0296904887169094,0.0170713260642621
2.923676304598118,0.045431328259386,0.0297646350905526,0.0169869038031633
2.925267854029036,0.0453841649512354,0.0298386869096628,0.0169025428301066
2.9268594034599555,0.045336809174122,0.0299126438645032,0.0168182437426288
2.9284509528908744,0.0452892613936814,0.0299865056480153,0.0167340071479307
2.9300425023217933,0.0452415220771105,0.0300602719557847,0.0166498336631018
2.9316340517527126,0.0451935916931702,0.0301339424860064,0.01656572391535
2.933225601183631,0.0451454707121875,0.0302075169394508,0.016481678542239
2.9348171506145504,0.0450971596060582,0.0302809950194308,0.0163976981919304
2.936408700045469,0.0450486588482494,0.0303543764317687,0.016313783523434
2.938000249476388,0.0449999689138021,0.0304276608847646,0.0162299352068639
2.9395917989073066,0.044951090279334,0.0305008480891644,0.0161461539237023
2.941183348338226,0.0449020234230421,0.0305739377581291,0.01606244036707
2.9427748977691452,0.0448527688247056,0.030646929607204,0.0159787952420048
2.9443664472000637,0.0448033269656886,0.0307198233542889,0.015895219265748
2.945957996630983,0.044753698328943,0.0307926187196084,0.0158117131680376
2.9475495460619014,0.0447038833990119,0.0308653154256831,0.0157282776914112
2.9491410954928208,0.0446538826620319,0.0309379131973011,0.0156449135915166
2.9507326449237397,0.0446036966057369,0.0310104117614899,0.0155616216374311
2.9523241943546585,0.0445533257194606,0.0310828108474885,0.0154784026119901
2.9539157437855774,0.0445027704941401,0.0311551101867208,0.015395257312125
2.9555072932164967,0.0444520314223192,0.0312273095127689,0.0153121865492106
2.9570988426474156,0.0444011089981515,0.0312994085613462,0.0152291911494226
2.9586903920783345,0.0443500037174039,0.0313714070702725,0.0151462719541051
2.9602819415092534,0.04429871607746,0.0314433047794481,0.0150634298201486
2.9618734909401723,0.0442472465773238,0.0315151014308289,0.0149806656203794
2.9634650403710916,0.0441955957176229,0.0315867967684019,0.0148979802439596
2.96505658980201,0.0441437640006127,0.0316583905381611,0.0148153745967997
2.9666481392329294,0.0440917519301796,0.0317298824880838,0.0147328496019814
2.9682396886638487,0.0440395600118451,0.0318012723681071,0.014650406200195
2.969831238094767,0.0439871887527696,0.0318725599301048,0.0145680453501882
2.9714227875256864,0.043934638661756,0.0319437449278652,0.0144857680292282
2.973014336956605,0.0438819102492542,0.0320148271170684,0.0144035752335776
2.974605886387524,0.043829004027365,0.0320858062552648,0.0143214679789849
2.9761974358184426,0.043775920509844,0.0321566821018531,0.0142394473011886
2.977788985249362,0.0437226602121059,0.0322274544180596,0.0141575142564371
2.9793805346802804,0.0436692236512289,0.0322981229669169,0.0140756699220235
2.9809720841111997,0.0436156113459592,0.0323686875132438,0.013993915396837
2.982563633542119,0.0435618238167149,0.0324391478236247,0.0139122518019305
2.9841551829730375,0.0435078615855911,0.0325095036663901,0.0138306802811053
2.985746732403957,0.0434537251763639,0.0325797548115967,0.0137492020015135
2.9873382818348757,0.0433994151144956,0.0326499010310083,0.0136678181542791
2.9889298312657946,0.043344931927139,0.032719942098077,0.0135865299551368
2.9905213806967135,0.0432902761431426,0.0327898777879243,0.0135053386450919
2.9921129301276324,0.0432354482930551,0.0328597078773229,0.013424245491099
2.9937044795585512,0.0431804489091307,0.0329294321446784,0.0133432517867624
2.9952960289894706,0.0431252785253339,0.0329990503700121,0.0132623588530567
2.9968875784203894,0.0430699376773448,0.0330685623349426,0.0131815680390718
2.9984791278513083,0.0430144269025644,0.0331379678226694,0.0131008807227789
3.000070677282227,0.0429587467401196,0.0332072666179554,0.013020298311821
3.001662226713146,0.0429028977308688,0.0332764585071105,0.0129398222443279
3.0032537761440654,0.0428468804174075,0.0333455432779751,0.012859453989757
3.004845325574984,0.0427906953440735,0.0334145207199035,0.0127791950497593
3.006436875005903,0.0427343430569529,0.0334833906237488,0.0126990469590734
3.0080284244368225,0.0426778241038857,0.0335521527818462,0.0126190112864471
3.009619973867741,0.0426211390344717,0.0336208069879984,0.0125390896355882
3.0112115232986603,0.0425642884000763,0.0336893530374598,0.0124592836461447
3.0128030727295787,0.0425072727538367,0.033757790726922,0.0123795949947169
3.014394622160498,0.0424500926506676,0.0338261198544985,0.0123000253959
3.0159861715914165,0.0423927486472682,0.0338943402197106,0.0122205766033614
3.017577721022336,0.0423352413021277,0.0339624516234728,0.0121412504109509
3.0191692704532547,0.042277571175532,0.034030453868079,0.0120620486538467
3.0207608198841736,0.0422197388295704,0.0340983467571883,0.0119829732097377
3.022352369315093,0.042161744828142,0.0341661300958116,0.0119040260000437
3.0239439187460113,0.0421035897369624,0.0342338036902977,0.0118252089911743
3.0255354681769306,0.0420452741235704,0.0343013673483206,0.0117465241958284
3.0271270176078495,0.0419867985573353,0.0343688208788662,0.0116679736743345
3.0287185670387684,0.0419281636094634,0.0344361640922191,0.0115895595360348
3.0303101164696873,0.0418693698530056,0.0345033967999504,0.0115112839407132
3.031901665900606,0.0418104178628642,0.034570518814905,0.0114331491000694
3.033493215331525,0.0417513082158004,0.0346375299511891,0.0113551572792396
3.0350847647624444,0.0416920414904421,0.0347044300241586,0.0112773107983672
3.0366763141933633,0.0416326182672907,0.0347712188504066,0.0111996120342228
3.038267863624282,0.0415730391287295,0.0348378962477517,0.0111220634218772
3.0398594130552015,0.0415133046590309,0.0349044620352268,0.0110446674564272
3.04145096248612,0.0414534154443648,0.0349709160330674,0.0109674266947778
3.0430425119170392,0.0413933720728063,0.0350372580627004,0.0108903437574809
3.0446340613479577,0.0413331751343437,0.0351034879467326,0.0108134213306334
3.046225610778877,0.0412728252208872,0.0351696055089406,0.0107366621678356
3.0478171602097963,0.041212322926277,0.0352356105742594,0.0106600690922133
3.0494087096407148,0.0411516688462916,0.0353015029687717,0.0105836449985034
3.051000259071634,0.0410908635786568,0.035367282519698,0.0105073928552065
3.0525918085025525,0.0410299077230541,0.0354329490553858,0.0104313157068088
3.054183357933472,0.0409688018811298,0.0354985024052997,0.0103554166760732
3.0557749073643903,0.0409075466565039,0.0355639424000112,0.0102796989664045
3.0573664567953096,0.0408461426547793,0.0356292688711888,0.010204165864288
3.0589580062262285,0.0407845904835509,0.0356944816515886,0.0101288207418059
3.0605495556571474,0.0407228907524151,0.0357595805750444,0.0100536670592322
3.0621411050880667,0.0406610440729791,0.0358245654764583,0.00997870836770887
3.063732654518985,0.0405990510588712,0.0358894361917914,0.00990394831200518
3.0653242039499045,0.0405369123257497,0.0359541925580547,0.00982939063336221
3.0669157533808233,0.0404746284913134,0.0360188344132999,0.00975503917242538
3.068507302811742,0.0404122001753117,0.0360833615966105,0.00968089787226619
3.070098852242661,0.0403496279995545,0.036147773948093,0.00960697078149595
3.0716904016735804,0.0402869125879227,0.0362120713088685,0.00953326205747305
3.073281951104499,0.040224054566379,0.0362762535210637,0.00945977596960684
3.074873500535418,0.0401610545629779,0.0363403204278026,0.00938651690275829
3.076465049966337,0.0400979132078773,0.0364042718731984,0.00931348936074133
3.078056599397256,0.0400346311333487,0.036468107702345,0.00924069796992527
3.0796481488281753,0.0399712089737889,0.0365318277613093,0.00916814748294051
3.0812396982590937,0.0399076473657309,0.0365954318971226,0.00909584278248939
3.082831247690013,0.0398439469478556,0.0366589199577735,0.00902378888526295
3.0844227971209315,0.039780108361003,0.0367222917921995,0.0089519909459657
3.086014346551851,0.0397161322481845,0.0367855472502798,0.00888045426144855
3.08760589598277,0.0396520192545942,0.0368486861828274,0.00880918427495174
3.0891974454136886,0.0395877700276215,0.036911708441582,0.00873818658045748
3.090788994844608,0.0395233852168629,0.0369746138792024,0.00866746692715316
3.0923805442755263,0.0394588654741347,0.0370374023492594,0.00859703122400501
3.0939720937064457,0.0393942114534855,0.0371000737062288,0.00852688554444158
3.095563643137364,0.0393294238112089,0.0371626278054838,0.00845703613114667
3.0971551925682834,0.0392645032058565,0.0372250645032889,0.00838748940095997
3.0987467419992023,0.0391994502982511,0.0372873836567924,0.00831825194988399
3.100338291430121,0.0391342657514996,0.0373495851240199,0.00824933055819495
3.1019298408610405,0.0390689502310069,0.0374116687638675,0.0081807321956542
3.103521390291959,0.0390035044044896,0.0374736344360955,0.00811246402681741
3.1051129397228783,0.0389379289419891,0.0375354820013216,0.0080445334164359
3.106704489153797,0.0388722245158867,0.0375972113210147,0.00797694793494593
3.108296038584716,0.0388063918009169,0.0376588222574887,0.00790971536403924
3.109887588015635,0.0387404314741825,0.0377203146738959,0.00784284370230756
3.1114791374465542,0.0386743442151686,0.0377816884342211,0.00777634117095292
3.1130706868774727,0.0386081307057579,0.0378429434032757,0.00771021621955444
3.114662236308392,0.0385417916302455,0.0379040794466913,0.00764447753188022
3.116253785739311,0.0384753276753541,0.0379650964309143,0.00757913403173279
3.1178453351702298,0.0384087395302495,0.0380259942231995,0.00751419488881378
3.119436884601149,0.0383420278865561,0.0380867726916052,0.00744966952459224
3.1210284340320675,0.0382751934383729,0.0381474317049864,0.00738556761816034
3.122619983462987,0.0382082368822893,0.0382079711329903,0.00732189911205592
3.1242115328939053,0.0381411589174019,0.03826839084605,0.00725867421803187
3.1258030823248246,0.0380739602453302,0.0383286907153797,0.00719590342274775
3.127394631755744,0.0380066415702341,0.0383888706129688,0.00713359749335915
3.1289861811866624,0.0379392035988301,0.0384489304115766,0.00707176748297529
3.1305777306175817,0.0378716470404092,0.0385088699847277,0.00701042473595442
3.1321692800485,0.0378039726068536,0.0385686892067059,0.00694958089300351
3.1337608294794195,0.0377361810126549,0.0386283879525502,0.00688924789604468
3.135352378910338,0.0376682729749315,0.0386879660980485,0.00682943799280976
3.1369439283412572,0.037600249213447,0.0387474235197338,0.00677016374111838
3.138535477772176,0.0375321104506285,0.0388067600948785,0.00671143801279457
3.140127027203095,0.0374638574115849,0.0388659757014902,0.00665327399717089
3.1417185766340143,0.037395490824126,0.0389250702183063,0.00659568520412728
3.143310126064933,0.0373270114187818,0.0389840435247895,0.00653868546660686
3.144901675495852,0.0372584199288214,0.0390428955011236,0.00648228894254818
3.146493224926771,0.0371897170902726,0.0391016260282083,0.00642651011616893
3.14808477435769,0.037120903641942,0.0391602349876548,0.00637136379853283
3.1496763237886087,0.0370519803254353,0.0392187222617815,0.00631686512732777
3.151267873219528,0.0369829478851769,0.0392770877336097,0.00626302956577867
3.1528594226504465,0.0369138070684316,0.0393353312868587,0.0062098729006171
3.154450972081366,0.0368445586253246,0.0393934528059422,0.00615741123902389
3.1560425215122847,0.0367752033088631,0.0394514521759633,0.00610566100446069
3.1576340709432036,0.0367057418749581,0.0395093292827109,0.00605463893130117
3.159225620374123,0.0366361750824455,0.0395670840126554,0.0060043620581727
3.1608171698050413,0.0365665036931086,0.0396247162529443,0.00595484771991645
3.1624087192359607,0.0364967284717003,0.0396822258913986,0.00590611353807287
3.164000268666879,0.0364268501859658,0.0397396128165085,0.00585817740980014
3.1655918180977984,0.0363568696066655,0.0397968769174297,0.00581105749513266
3.1671833675287178,0.0362867875075981,0.0398540180839792,0.00576477220248935
3.168774916959636,0.0362166046656244,0.0399110362066318,0.00571934017234325
3.1703664663905555,0.036146321860691,0.0399679311765159,0.00567478025896852
3.171958015821474,0.0360759398758545,0.0400247028854103,0.00563111151018601
3.1735495652523933,0.0360054594973058,0.04008135122574,0.00558835314503495
3.175141114683312,0.0359348815143952,0.0401378760905727,0.00554652452930703
3.176732664114231,0.0358642067196573,0.0401942773736153,0.0055056451488891
3.17832421354515,0.0357934359088364,0.0402505549692103,0.00546573458087191
3.179915762976069,0.0357225698809127,0.0403067087723322,0.00542681246239668
3.181507312406988,0.0356516094381278,0.0403627386785839,0.00538889845722597
3.183098861837907,0.0355805553860116,0.0404186445841936,0.00535201222004316
3.184690411268826,0.0355094085334089,0.0404744263860113,0.00531617335850387
3.186281960699745,0.0354381696925068,0.0405300839815051,0.00528140139308374
3.1878735101306637,0.0353668396788617,0.0405856172687584,0.00524771571478957
3.1894650595615825,0.0352954193114278,0.0406410261464663,0.00521513554082565
3.191056608992502,0.0352239094125848,0.0406963105139325,0.00518367986833215
3.1926481584234203,0.0351523108081666,0.040751470271066,0.00515336742634014
3.1942397078543396,0.0350806243274905,0.0408065053183782,0.00512421662611462
3.195831257285259,0.0350088508033863,0.0408614155569793,0.00509624551008615
3.1974228067161774,0.034936991072226,0.0409162008885757,0.00506947169959892
3.1990143561470967,0.0348650459739541,0.0409708612154669,0.00504391234173166
3.200605905578015,0.0347930163521179,0.0410253964405421,0.00501958405547483
3.2021974550089345,0.0347209030538981,0.0410798064672778,0.00499650287757204
3.203789004439853,0.0346487069301409,0.0411340911997344,0.00497468420835899
3.2053805538707723,0.0345764288353887,0.0411882505425535,0.00495414275795215
3.2069721033016916,0.0345040696279129,0.041242284400955,0.00493489249315894
3.20856365273261,0.034431630169746,0.0412961926807344,0.00491694658549415
3.2101552021635293,0.0343591113267145,0.0413499752882599,0.00490031736069772
3.211746751594448,0.0342865139684727,0.0414036321304695,0.00488501625015423
3.213338301025367,0.0342138389685358,0.0414571631148684,0.0048710537446141
3.214929850456286,0.0341410872043144,0.0415105681495264,0.00485843935061157
3.216521399887205,0.0340682595571492,0.0415638471430752,0.00484718154996339
3.2181129493181237,0.0339953569123461,0.0416170000047055,0.0048372877627154
3.2197044987490426,0.0339223801592113,0.0416700266441649,0.00482876431388172
3.221296048179962,0.0338493301910877,0.0417229269717546,0.00482161640429364
3.222887597610881,0.0337762079053913,0.0417757008983278,0.00481584808584149
3.2244791470417997,0.0337030142036477,0.0418283483352862,0.00481146224135541
3.2260706964727186,0.0336297499915298,0.0418808691945783,0.00480846056932815
3.227662245903638,0.0335564161788956,0.0419332633886966,0.00480684357363736
3.2292537953345564,0.0334830136798265,0.0419855308306751,0.00480661055837597
3.2308453447654757,0.0334095434126657,0.0420376714340871,0.00480775962784876
3.232436894196394,0.033336006300058,0.0420896851130426,0.00481028769174096
3.2340284436273135,0.0332624032689895,0.0421415717821863,0.00481419047541332
3.235619993058233,0.0331887352508276,0.0421933313566949,0.00481946253522634
3.237211542489151,0.0331150031813618,0.0422449637522752,0.00482609727874723
3.2388030919200705,0.0330412080008453,0.0422964688851614,0.0048340869896461
3.240394641350989,0.0329673506540367,0.0423478466721132,0.00484342285704422
3.2419861907819083,0.0328934320902419,0.0423990970304135,0.00485409500903794
3.2435777402128267,0.0328194532633576,0.0424502198778661,0.00486609255008679
3.245169289643746,0.0327454151319145,0.0425012151327938,0.00487940360192476
3.2467608390746654,0.032671318659121,0.0425520827140359,0.0048940153476295
3.248352388505584,0.0325971648129079,0.0426028225409464,0.00490991407846576
3.249943937936503,0.0325229545659733,0.0426534345333916,0.00492708524310665
3.2515354873674216,0.0324486888958286,0.0427039186117486,0.00494551349882927
3.253127036798341,0.0323743687848439,0.0427542746969024,0.00496518276427996
3.25471858622926,0.0322999952202957,0.0428045027102448,0.00498607627340811
3.2563101356601787,0.0322255691944134,0.0428546025736717,0.00500817663017622
3.2579016850910976,0.0321510917044277,0.0429045742095814,0.00503146586366713
3.259493234522017,0.0320765637526187,0.0429544175408727,0.00505592548322632
3.2610847839529358,0.0320019863463653,0.043004132490943,0.00508153653329774
3.2626763333838547,0.0319273604981951,0.043053718983686,0.00510827964763457
3.2642678828147735,0.0318526872258338,0.0431031769434904,0.00513613510259236
3.2658594322456924,0.0317779675522572,0.0431525062952376,0.00516508286923824
3.2674509816766117,0.031703202505742,0.0432017069643,0.00519510266403883
3.26904253110753,0.0316283931199182,0.0432507788765391,0.00522617399791757
3.2706340805384495,0.031553540433822,0.0432997219583041,0.00525827622350142
3.272225629969368,0.0314786454919491,0.0433485361364292,0.00529138858040477
3.2738171794002873,0.0314037093443087,0.0433972213382328,0.00532549023842661
3.2754087288312066,0.0313287330464784,0.0434457774915154,0.00536056033856295
3.277000278262125,0.0312537176596598,0.0434942045245575,0.00539657803176225
3.2785918276930444,0.0311786642507337,0.0435425023661185,0.00543352251537504
3.280183377123963,0.0311035738923182,0.0435906709454346,0.00547137306727033
3.281774926554882,0.0310284476628247,0.0436387101922173,0.00551010907761274
3.2833664759858006,0.0309532866465171,0.0436866200366516,0.00554971007831078
3.28495802541672,0.0308780919335698,0.0437344004093946,0.00559015577016461
3.286549574847639,0.0308028646201277,0.0437820512415737,0.00563142604775441
3.2881411242785576,0.0307276058083663,0.043829572464785,0.00567350102212387
3.289732673709477,0.0306523166065523,0.0438769640110917,0.00571636104132381
3.2913242231403954,0.0305769981291056,0.0439242258130227,0.0057599867088889
3.2929157725713147,0.0305016514966614,0.0439713578035708,0.00580435890032895
3.2945073220022336,0.0304262778361333,0.0440183599161915,0.0058494587777206
3.2960988714331525,0.0303508782807772,0.0440652320848011,0.00589526780249074
3.2976904208640714,0.0302754539702559,0.0441119742437754,0.00594176774648447
3.2992819702949907,0.0302000060507041,0.0441585863279483,0.00598894070141424
3.3008735197259096,0.0301245356747947,0.0442050682726101,0.00603676908678499
3.3024650691568285,0.0300490440018056,0.0442514200135062,0.00608523565639265
3.3040566185877474,0.0299735321976873,0.0442976414868356,0.00613432350349043
3.3056481680186662,0.0298980014351312,0.0443437326292496,0.00618401606471682
3.3072397174495856,0.0298224528936382,0.0443896933778502,0.00623429712287667
3.308831266880504,0.02974688775959,0.0444355236701887,0.00628515080866371
3.3104228163114233,0.029671307226318,0.0444812234442647,0.0063365616014112
3.3120143657423418,0.0295957124941765,0.0445267926385241,0.00638851432895188
3.313605915173261,0.0295201047706136,0.0445722311918585,0.00644099416666716
3.3151974646041804,0.0294444852702452,0.0446175390436029,0.00649398663579961
3.316789014035099,0.0293688552149287,0.0446627161335355,0.00654747760110094
3.318380563466018,0.0292932158338373,0.0447077624018755,0.00660145326788224
3.3199721128969366,0.0292175683635364,0.0447526777892821,0.00665590017852978
3.321563662327856,0.0291419140480589,0.0447974622368535,0.00671080520854654
3.3231552117587744,0.0290662541389836,0.044842115686125,0.00676615556217445
3.3247467611896937,0.0289905898955121,0.0448866380790683,0.00682193876764976
3.326338310620613,0.0289149225845486,0.0449310293580903,0.00687814267213972
3.3279298600515315,0.0288392534807792,0.0449752894660312,0.0069347554364052
3.329521409482451,0.0287635838667523,0.0450194183461639,0.0069917655292308
3.3311129589133697,0.0286879150329605,0.0450634159421926,0.0070491617216606
3.3327045083442886,0.0286122482779227,0.0451072821982517,0.00710693308107437
3.3342960577752074,0.028536584908267,0.0451510170589044,0.00716506896513662
3.3358876072061263,0.0284609262388153,0.0451946204691416,0.00722355901564756
3.337479156637045,0.0283852735926675,0.045238092374381,0.00728239315232287
3.3390707060679645,0.0283096283012876,0.0452814327204655,0.0073415615665264
3.3406622554988834,0.0282339917045907,0.0453246414536624,0.00740105471497763
3.3422538049298023,0.0281583651510296,0.0453677185206623,0.00746086331345393
